"type","durationMinutes","startTime","endTime","startNum","endNum","eventpH"
"Severe",374.999999998278,"2011-01-17 22:30:00","2011-01-18 04:45:00",41.0738,41.07451,7.06153846153846
"Severe",60.0000000028615,"2011-01-20 04:00:00","2011-01-20 05:00:00",41.07991,41.08002,7.298
"Severe",119.999999998254,"2011-12-31 06:16:00","2011-12-31 08:16:00",42.02537,42.0256,7.27888888888889
"Severe",165.000000001334,"2011-12-31 19:46:00","2011-12-31 22:31:00",42.02691,42.02723,7.23416666666667
"Severe",240.000000000242,"2012-01-01 05:46:00","2012-01-01 09:46:00",42.02806,42.02851,7.20882352941176
"Severe",165.000000001334,"2012-01-19 23:31:00","2012-01-20 02:16:00",42.0794,42.07971,7.03666666666667
"Severe",90.0000000024249,"2012-01-20 07:31:00","2012-01-20 09:01:00",42.08031,42.08048,7.05857142857143
"Severe",344.999999998714,"2012-01-20 20:01:00","2012-01-21 01:46:00",42.08174,42.08239,7.073
"Severe",164.999999997599,"2012-01-21 11:46:00","2012-01-21 14:31:00",42.08354,42.08385,7.155
"Severe",240.000000000242,"2012-01-22 00:46:00","2012-01-22 04:46:00",42.08502,42.08548,7.128125
"Severe",164.999999997599,"2012-04-01 21:01:00","2012-04-01 23:46:00",42.27911,42.27943,7.23
"Severe",165.000000001334,"2012-11-21 07:46:00","2012-11-21 10:31:00",42.91869,42.91901,7.2175
"Severe",269.999999999806,"2012-11-22 07:31:00","2012-11-22 12:01:00",42.92141,42.92192,7.20368421052632
"Severe",60.0000000028615,"2012-12-06 08:46:00","2012-12-06 09:46:00",42.9599,42.96002,7.294
"Severe",89.9999999986903,"2012-12-07 08:01:00","2012-12-07 09:31:00",42.96256,42.96273,7.28
"Severe",195.000000004632,"2014-12-22 02:16:00","2014-12-22 05:31:00",45.003,45.00337,7.13214285714286
"Severe",134.999999998035,"2014-12-22 13:46:00","2014-12-22 16:01:00",45.00431,45.00457,7.25
"Severe",210.000000004413,"2014-12-23 02:16:00","2014-12-23 05:46:00",45.00574,45.00614,7.10466666666667
"Severe",420.000000005092,"2015-12-19 04:01:00","2015-12-19 11:01:00",45.99498,45.99578,7.01103448275862
"Severe",299.999999999369,"2015-12-19 19:16:00","2015-12-20 00:16:00",45.99672,45.99729,7.14952380952381
"Severe",254.999999996289,"2015-12-20 07:01:00","2015-12-20 11:16:00",45.99806,45.99855,7.16166666666667
"Severe",194.999999997162,"2016-11-26 11:01:00","2016-11-26 14:16:00",46.9355,46.93588,7.22428571428571
"Severe",165.000000005068,"2016-11-27 00:46:00","2016-11-27 03:31:00",46.93707,46.93739,7.25916666666667
"Severe",89.9999999986903,"2020-12-23 08:16:00","2020-12-23 09:46:00",51.0119,51.01207,7.26285714285714
"Severe",314.999999999151,"2023-12-07 07:00:00","2023-12-07 12:15:00",53.96792,53.96852,7.14181818181818
"Severe",315.000000002885,"2023-12-07 20:15:00","2023-12-08 01:30:00",53.96943,53.97003,7.10545454545455
"Severe",240.000000000242,"2023-12-08 08:00:00","2023-12-08 12:00:00",53.97078,53.97123,7.18529411764706
"Severe",180.000000001115,"2023-12-08 22:45:00","2023-12-09 01:45:00",53.97246,53.9728,7.21846153846154
"Severe",60.0000000028615,"2024-01-30 06:00:00","2024-01-30 07:00:00",54.11575,54.11587,7.288
"Severe",59.9999999991269,"2025-03-23 21:15:00","2025-03-23 22:15:00",55.2627,55.26281,7.282
"Moderate",480.000000000484,"2011-01-17 21:00:00","2011-01-18 05:00:00",41.07363,41.07454,7.1169696969697
"Moderate",180.000000001115,"2011-01-18 11:30:00","2011-01-18 14:30:00",41.07529,41.07563,7.32
"Moderate",134.999999998035,"2011-01-19 02:00:00","2011-01-19 04:15:00",41.07694,41.0772,7.314
"Moderate",135.00000000177,"2011-01-20 03:00:00","2011-01-20 05:15:00",41.07979,41.08005,7.331
"Moderate",104.999999998472,"2011-07-07 19:00:00","2011-07-07 20:45:00",41.54189,41.54209,7.44125
"Moderate",179.999999997381,"2011-07-08 20:30:00","2011-07-08 23:30:00",41.54481,41.54515,7.39153846153846
"Moderate",269.999999999806,"2011-12-31 05:16:00","2011-12-31 09:46:00",42.02526,42.02577,7.2978947368421
"Moderate",240.000000003977,"2011-12-31 18:31:00","2011-12-31 22:31:00",42.02677,42.02723,7.26294117647059
"Moderate",329.999999998932,"2012-01-01 04:16:00","2012-01-01 09:46:00",42.02788,42.02851,7.24565217391304
"Moderate",74.9999999989086,"2012-01-01 22:16:00","2012-01-01 23:31:00",42.02994,42.03008,7.33
"Moderate",210.000000000679,"2012-01-19 22:46:00","2012-01-20 02:16:00",42.07931,42.07971,7.09733333333333
"Moderate",135.00000000177,"2012-01-20 06:46:00","2012-01-20 09:01:00",42.08022,42.08048,7.15
"Moderate",344.999999998714,"2012-01-20 20:01:00","2012-01-21 01:46:00",42.08174,42.08239,7.073
"Moderate",209.999999996944,"2012-01-21 11:16:00","2012-01-21 14:46:00",42.08348,42.08388,7.18866666666667
"Moderate",360.000000002231,"2012-01-21 22:46:00","2012-01-22 04:46:00",42.08479,42.08548,7.20625
"Moderate",74.9999999989086,"2012-01-22 14:01:00","2012-01-22 15:16:00",42.08653,42.08667,7.29666666666667
"Moderate",149.999999997817,"2012-01-23 02:16:00","2012-01-23 04:46:00",42.08793,42.08822,7.31909090909091
"Moderate",59.9999999991269,"2012-01-24 04:01:00","2012-01-24 05:01:00",42.09087,42.09098,7.374
"Moderate",105.000000002207,"2012-03-17 22:16:00","2012-03-18 00:01:00",42.23816,42.23836,7.36625
"Moderate",359.999999998496,"2012-04-01 18:31:00","2012-04-02 00:31:00",42.27883,42.27951,7.2924
"Moderate",150.000000001552,"2012-04-02 22:01:00","2012-04-03 00:31:00",42.28197,42.28225,7.32181818181818
"Moderate",299.999999999369,"2012-11-21 05:31:00","2012-11-21 10:31:00",42.91844,42.91901,7.26952380952381
"Moderate",180.000000001115,"2012-11-21 20:31:00","2012-11-21 23:31:00",42.92015,42.92049,7.34846153846154
"Moderate",345.000000002449,"2012-11-22 06:16:00","2012-11-22 12:01:00",42.92126,42.92192,7.23
"Moderate",210.000000000679,"2012-12-06 06:31:00","2012-12-06 10:01:00",42.95965,42.96005,7.32266666666667
"Moderate",225.00000000046,"2012-12-07 06:31:00","2012-12-07 10:16:00",42.96239,42.96282,7.315625
"Moderate",150.000000001552,"2012-12-08 08:46:00","2012-12-08 11:16:00",42.96538,42.96567,7.37444444444444
"Moderate",225.00000000046,"2014-12-22 01:46:00","2014-12-22 05:31:00",45.00294,45.00337,7.15625
"Moderate",195.000000004632,"2014-12-22 13:01:00","2014-12-22 16:16:00",45.00423,45.0046,7.275
"Moderate",240.000000003977,"2014-12-23 01:46:00","2014-12-23 05:46:00",45.00568,45.00614,7.13411764705882
"Moderate",149.999999997817,"2015-02-11 18:31:00","2015-02-11 21:01:00",45.14458,45.14486,7.32909090909091
"Moderate",149.999999997817,"2015-02-12 20:01:00","2015-02-12 22:31:00",45.14749,45.14778,7.34
"Moderate",59.9999999991269,"2015-12-15 06:16:00","2015-12-15 07:16:00",45.98428,45.98439,7.358
"Moderate",180.000000001115,"2015-12-18 20:01:00","2015-12-18 23:01:00",45.99407,45.99441,7.35153846153846
"Moderate",435.000000004874,"2015-12-19 03:46:00","2015-12-19 11:01:00",45.99495,45.99578,7.021
"Moderate",330.000000002667,"2015-12-19 18:46:00","2015-12-20 00:16:00",45.99666,45.99729,7.16739130434783
"Moderate",269.999999999806,"2015-12-20 06:46:00","2015-12-20 11:16:00",45.99803,45.99855,7.17210526315789
"Moderate",134.999999998035,"2015-12-20 22:31:00","2015-12-21 00:46:00",45.99983,46.00009,7.37
"Moderate",150.000000001552,"2016-11-26 00:46:00","2016-11-26 03:16:00",46.93433,46.93462,7.34818181818182
"Moderate",255.000000000024,"2016-11-26 10:01:00","2016-11-26 14:16:00",46.93539,46.93588,7.25
"Moderate",240.000000000242,"2016-11-26 23:31:00","2016-11-27 03:31:00",46.93693,46.93739,7.28647058823529
"Moderate",180.000000001115,"2017-02-07 23:45:00","2017-02-08 02:45:00",47.13696,47.1373,7.36
"Moderate",120.000000001988,"2017-02-11 02:45:00","2017-02-11 04:45:00",47.14552,47.14575,7.35888888888889
"Moderate",225.00000000046,"2020-12-23 06:46:00","2020-12-23 10:31:00",51.01173,51.01216,7.30625
"Moderate",135.00000000177,"2021-12-22 03:15:00","2021-12-22 05:30:00",52.00859,52.00885,7.358
"Moderate",359.999999998496,"2023-12-07 06:15:00","2023-12-07 12:15:00",53.96784,53.96852,7.1652
"Moderate",359.999999998496,"2023-12-07 19:45:00","2023-12-08 01:45:00",53.96938,53.97006,7.1352
"Moderate",299.999999999369,"2023-12-08 07:30:00","2023-12-08 12:30:00",53.97072,53.97129,7.2152380952381
"Moderate",240.000000003977,"2023-12-08 21:45:00","2023-12-09 01:45:00",53.97235,53.9728,7.24411764705882
"Moderate",150.000000001552,"2024-01-29 04:30:00","2024-01-29 07:00:00",54.11284,54.11313,7.31727272727273
"Moderate",180.000000001115,"2024-01-30 04:00:00","2024-01-30 07:00:00",54.11553,54.11587,7.32384615384615
"Moderate",344.99999999498,"2025-03-23 17:30:00","2025-03-23 23:15:00",55.26227,55.26293,7.33583333333333
"Moderate",164.999999997599,"2025-03-24 21:15:00","2025-03-25",55.26544,55.26575,7.3775
"Sub-Optimal",120.000000001988,"2010-12-15 22:30:00","2010-12-16 00:30:00",40.98339,40.98362,7.46555555555556
"Sub-Optimal",224.999999996726,"2010-12-16 22:30:00","2010-12-17 02:15:00",40.98613,40.98656,7.449375
"Sub-Optimal",150.000000001552,"2010-12-30 23:15:00","2010-12-31 01:45:00",41.02457,41.02486,7.44181818181818
"Sub-Optimal",120.000000001988,"2011-01-17 11:30:00","2011-01-17 13:30:00",41.07255,41.07277,7.48666666666667
"Sub-Optimal",510.000000003782,"2011-01-17 20:30:00","2011-01-18 05:00:00",41.07357,41.07454,7.13514285714286
"Sub-Optimal",195.000000000897,"2011-01-18 11:15:00","2011-01-18 14:30:00",41.07526,41.07563,7.32714285714286
"Sub-Optimal",194.999999997162,"2011-01-19 01:15:00","2011-01-19 04:30:00",41.07686,41.07723,7.34857142857143
"Sub-Optimal",180.000000001115,"2011-01-20 02:15:00","2011-01-20 05:15:00",41.07971,41.08005,7.35923076923077
"Sub-Optimal",269.999999999806,"2011-07-07 19:00:00","2011-07-07 23:30:00",41.54189,41.54241,7.46947368421053
"Sub-Optimal",284.999999999587,"2011-07-08 10:30:00","2011-07-08 15:15:00",41.54366,41.54421,7.453
"Sub-Optimal",194.999999997162,"2011-07-08 20:15:00","2011-07-08 23:30:00",41.54478,41.54515,7.39642857142857
"Sub-Optimal",74.9999999989086,"2011-07-09 01:15:00","2011-07-09 02:30:00",41.54535,41.54549,7.495
"Sub-Optimal",59.9999999991269,"2011-07-09 13:45:00","2011-07-09 14:45:00",41.54678,41.54689,7.466
"Sub-Optimal",195.000000000897,"2011-07-09 21:00:00","2011-07-10 00:15:00",41.5476,41.54797,7.45357142857143
"Sub-Optimal",164.999999997599,"2011-07-10 13:15:00","2011-07-10 16:00:00",41.54946,41.54977,7.4825
"Sub-Optimal",60.0000000028615,"2011-07-10 17:30:00","2011-07-10 18:30:00",41.54994,41.55006,7.478
"Sub-Optimal",104.999999998472,"2011-07-30 06:30:00","2011-07-30 08:15:00",41.60348,41.60368,7.48375
"Sub-Optimal",89.9999999986903,"2011-07-30 19:15:00","2011-07-30 20:45:00",41.60494,41.60511,7.51571428571429
"Sub-Optimal",480.000000000484,"2011-07-31 04:15:00","2011-07-31 12:15:00",41.60596,41.60688,7.47393939393939
"Sub-Optimal",150.000000001552,"2011-07-31 16:45:00","2011-07-31 19:15:00",41.60739,41.60768,7.49090909090909
"Sub-Optimal",255.000000000024,"2011-08-01 09:00:00","2011-08-01 13:15:00",41.60925,41.60973,7.49222222222222
"Sub-Optimal",510.000000000048,"2011-08-02 05:45:00","2011-08-02 14:15:00",41.61162,41.61259,7.45685714285714
"Sub-Optimal",74.999999995174,"2011-08-02 17:45:00","2011-08-02 19:00:00",41.61299,41.61313,7.49
"Sub-Optimal",404.999999997841,"2011-08-03 08:30:00","2011-08-03 15:15:00",41.61467,41.61544,7.47321428571429
"Sub-Optimal",60.0000000028615,"2011-08-03 18:15:00","2011-08-03 19:15:00",41.61578,41.6159,7.496
"Sub-Optimal",165.000000001334,"2011-08-04 12:15:00","2011-08-04 15:00:00",41.61784,41.61815,7.45833333333333
"Sub-Optimal",165.000000001334,"2011-08-05 13:15:00","2011-08-05 16:00:00",41.62069,41.621,7.50083333333333
"Sub-Optimal",330.000000002667,"2011-12-31 04:16:00","2011-12-31 09:46:00",42.02514,42.02577,7.32347826086956
"Sub-Optimal",359.999999998496,"2011-12-31 17:16:00","2011-12-31 23:16:00",42.02663,42.02731,7.322
"Sub-Optimal",389.999999998059,"2012-01-01 03:16:00","2012-01-01 09:46:00",42.02777,42.02851,7.27555555555556
"Sub-Optimal",269.999999999806,"2012-01-01 19:01:00","2012-01-01 23:31:00",42.02957,42.03008,7.40789473684211
"Sub-Optimal",225.00000000046,"2012-01-02 06:16:00","2012-01-02 10:01:00",42.03085,42.03128,7.466875
"Sub-Optimal",269.999999999806,"2012-01-19 21:46:00","2012-01-20 02:16:00",42.0792,42.07971,7.17526315789474
"Sub-Optimal",300.000000003104,"2012-01-20 04:01:00","2012-01-20 09:01:00",42.07991,42.08048,7.32333333333333
"Sub-Optimal",344.999999998714,"2012-01-20 20:01:00","2012-01-21 01:46:00",42.08174,42.08239,7.073
"Sub-Optimal",300.000000003104,"2012-01-21 10:16:00","2012-01-21 15:16:00",42.08336,42.08393,7.26142857142857
"Sub-Optimal",450.000000000921,"2012-01-21 21:31:00","2012-01-22 05:01:00",42.08465,42.0855,7.259
"Sub-Optimal",164.999999997599,"2012-01-22 12:46:00","2012-01-22 15:31:00",42.08639,42.0867,7.36583333333333
"Sub-Optimal",194.999999997162,"2012-01-23 01:46:00","2012-01-23 05:01:00",42.08787,42.08824,7.34785714285714
"Sub-Optimal",134.999999998035,"2012-01-24 03:01:00","2012-01-24 05:16:00",42.09076,42.09101,7.409
"Sub-Optimal",149.999999997817,"2012-01-27 04:46:00","2012-01-27 07:16:00",42.09917,42.09946,7.42181818181818
"Sub-Optimal",269.999999999806,"2012-03-16 19:16:00","2012-03-16 23:46:00",42.23508,42.23559,7.44736842105263
"Sub-Optimal",269.999999999806,"2012-03-17 20:31:00","2012-03-18 01:01:00",42.23796,42.23847,7.40631578947368
"Sub-Optimal",104.999999998472,"2012-03-18 22:46:00","2012-03-19 00:31:00",42.24096,42.24115,7.47875
"Sub-Optimal",255.000000000024,"2012-03-31 18:16:00","2012-03-31 22:31:00",42.27606,42.27654,7.455
"Sub-Optimal",405.000000001576,"2012-04-01 17:46:00","2012-04-02 00:31:00",42.27874,42.27951,7.30821428571429
"Sub-Optimal",180.000000001115,"2012-04-02 08:46:00","2012-04-02 11:46:00",42.28045,42.2808,7.42307692307692
"Sub-Optimal",329.999999998932,"2012-04-02 19:31:00","2012-04-03 01:01:00",42.28168,42.28231,7.40478260869565
"Sub-Optimal",374.999999998278,"2012-11-21 04:46:00","2012-11-21 11:01:00",42.91835,42.91907,7.30461538461538
"Sub-Optimal",255.000000000024,"2012-11-21 20:01:00","2012-11-22 00:16:00",42.92009,42.92058,7.37277777777778
"Sub-Optimal",420.000000001357,"2012-11-22 05:16:00","2012-11-22 12:16:00",42.92115,42.92195,7.2651724137931
"Sub-Optimal",195.000000000897,"2012-11-22 21:46:00","2012-11-23 01:01:00",42.92303,42.9234,7.43357142857143
"Sub-Optimal",210.000000000679,"2012-11-23 08:46:00","2012-11-23 12:16:00",42.92429,42.92469,7.43466666666667
"Sub-Optimal",314.999999999151,"2012-12-06 04:46:00","2012-12-06 10:01:00",42.95945,42.96005,7.36227272727273
"Sub-Optimal",299.999999995634,"2012-12-07 05:16:00","2012-12-07 10:16:00",42.96225,42.96282,7.34380952380952
"Sub-Optimal",119.999999998254,"2012-12-07 21:01:00","2012-12-07 23:01:00",42.96404,42.96427,7.46555555555556
"Sub-Optimal",284.999999995853,"2012-12-08 06:46:00","2012-12-08 11:31:00",42.96516,42.9657,7.40666666666667
"Sub-Optimal",59.9999999991269,"2013-08-22 12:01:00","2013-08-22 13:01:00",43.66986,43.66998,7.456
"Sub-Optimal",269.999999999806,"2014-12-22 01:16:00","2014-12-22 05:46:00",45.00288,45.0034,7.2021052631579
"Sub-Optimal",225.00000000046,"2014-12-22 12:31:00","2014-12-22 16:16:00",45.00417,45.0046,7.295
"Sub-Optimal",299.999999999369,"2014-12-23 01:01:00","2014-12-23 06:01:00",45.0056,45.00617,7.19190476190476
"Sub-Optimal",150.000000001552,"2014-12-24 03:16:00","2014-12-24 05:46:00",45.00859,45.00888,7.40818181818182
"Sub-Optimal",74.9999999989086,"2014-12-25 05:01:00","2014-12-25 06:16:00",45.01153,45.01167,7.45666666666667
"Sub-Optimal",59.9999999991269,"2015-02-11 06:31:00","2015-02-11 07:31:00",45.14321,45.14332,7.446
"Sub-Optimal",240.000000000242,"2015-02-11 17:31:00","2015-02-11 21:31:00",45.14447,45.14492,7.37470588235294
"Sub-Optimal",209.999999996944,"2015-02-12 19:16:00","2015-02-12 22:46:00",45.1474,45.1478,7.37066666666667
"Sub-Optimal",150.000000001552,"2015-12-10 01:46:00","2015-12-10 04:16:00",45.97006,45.97035,7.44636363636364
"Sub-Optimal",150.000000001552,"2015-12-14 04:01:00","2015-12-14 06:31:00",45.98128,45.98157,7.43272727272727
"Sub-Optimal",164.999999997599,"2015-12-15 04:46:00","2015-12-15 07:31:00",45.98411,45.98442,7.4075
"Sub-Optimal",269.999999999806,"2015-12-18 18:46:00","2015-12-18 23:16:00",45.99392,45.99444,7.38157894736842
"Sub-Optimal",450.000000000921,"2015-12-19 03:31:00","2015-12-19 11:01:00",45.99492,45.99578,7.03387096774194
"Sub-Optimal",330.000000002667,"2015-12-19 18:46:00","2015-12-20 00:16:00",45.99666,45.99729,7.16739130434783
"Sub-Optimal",314.999999999151,"2015-12-20 06:01:00","2015-12-20 11:16:00",45.99795,45.99855,7.21681818181818
"Sub-Optimal",195.000000000897,"2015-12-20 21:46:00","2015-12-21 01:01:00",45.99975,46.00012,7.39285714285714
"Sub-Optimal",90.0000000024249,"2015-12-24 01:31:00","2015-12-24 03:01:00",46.00839,46.00856,7.48142857142857
"Sub-Optimal",210.000000000679,"2016-11-26 00:01:00","2016-11-26 03:31:00",46.93425,46.93465,7.36933333333333
"Sub-Optimal",314.999999999151,"2016-11-26 09:16:00","2016-11-26 14:31:00",46.9353,46.9359,7.28409090909091
"Sub-Optimal",314.999999999151,"2016-11-26 22:16:00","2016-11-27 03:31:00",46.93679,46.93739,7.32409090909091
"Sub-Optimal",164.999999997599,"2017-02-06 23:15:00","2017-02-07 02:00:00",47.13416,47.13447,7.45
"Sub-Optimal",284.999999995853,"2017-02-07 22:00:00","2017-02-08 02:45:00",47.13676,47.1373,7.3955
"Sub-Optimal",164.999999997599,"2017-02-11 02:15:00","2017-02-11 05:00:00",47.14546,47.14578,7.37666666666667
"Sub-Optimal",150.000000001552,"2017-02-21 22:01:00","2017-02-22 00:31:00",47.17512,47.1754,7.47545454545455
"Sub-Optimal",225.00000000046,"2017-02-22 22:31:00","2017-02-23 02:16:00",47.17791,47.17834,7.41875
"Sub-Optimal",105.000000002207,"2017-03-16 16:46:00","2017-03-16 18:31:00",47.23753,47.23773,7.44625
"Sub-Optimal",119.999999998254,"2017-03-17 03:31:00","2017-03-17 05:31:00",47.23876,47.23899,7.46888888888889
"Sub-Optimal",164.999999997599,"2017-03-17 16:01:00","2017-03-17 18:46:00",47.24018,47.2405,7.44916666666667
"Sub-Optimal",134.999999998035,"2020-12-22 06:46:00","2020-12-22 09:01:00",51.00899,51.00925,7.427
"Sub-Optimal",314.999999999151,"2020-12-23 05:46:00","2020-12-23 11:01:00",51.01162,51.01222,7.33909090909091
"Sub-Optimal",164.999999997599,"2021-11-13 09:15:00","2021-11-13 12:00:00",51.90243,51.90274,7.47333333333333
"Sub-Optimal",180.000000001115,"2021-11-14 09:45:00","2021-11-14 12:45:00",51.90522,51.90557,7.40076923076923
"Sub-Optimal",285.000000003322,"2021-12-22 01:30:00","2021-12-22 06:15:00",52.00839,52.00893,7.399
"Sub-Optimal",119.999999998254,"2022-01-09 06:00:00","2022-01-09 08:00:00",52.05822,52.05845,7.47111111111111
"Sub-Optimal",59.9999999953923,"2022-06-22 23:30:00","2022-06-23 00:30:00",52.50953,52.50965,7.48
"Sub-Optimal",329.999999998932,"2022-06-24 14:15:00","2022-06-24 19:45:00",52.51396,52.51458,7.47478260869565
"Sub-Optimal",74.9999999989086,"2022-06-25 00:45:00","2022-06-25 02:00:00",52.51515,52.5153,7.48666666666667
"Sub-Optimal",314.999999999151,"2022-06-25 14:45:00","2022-06-25 20:00:00",52.51675,52.51735,7.48045454545455
"Sub-Optimal",195.000000000897,"2022-06-26 15:30:00","2022-06-26 18:45:00",52.51958,52.51995,7.49357142857143
"Sub-Optimal",134.999999998035,"2022-07-13 05:00:00","2022-07-13 07:15:00",52.56495,52.56521,7.494
"Sub-Optimal",180.000000001115,"2022-07-19 10:00:00","2022-07-19 13:00:00",52.58196,52.58231,7.46923076923077
"Sub-Optimal",210.000000000679,"2022-07-24 14:45:00","2022-07-24 18:15:00",52.5962,52.5966,7.46733333333333
"Sub-Optimal",269.999999999806,"2022-07-25 15:15:00","2022-07-25 19:45:00",52.599,52.59951,7.48473684210526
"Sub-Optimal",164.999999997599,"2022-07-26 16:00:00","2022-07-26 18:45:00",52.60183,52.60214,7.47583333333333
"Sub-Optimal",240.000000000242,"2022-08-30 09:30:00","2022-08-30 13:30:00",52.69697,52.69743,7.48941176470588
"Sub-Optimal",269.999999999806,"2022-09-09 15:45:00","2022-09-09 20:15:00",52.72509,52.7256,7.46789473684211
"Sub-Optimal",419.999999997623,"2022-09-10 04:00:00","2022-09-10 11:00:00",52.72648,52.72728,7.44448275862069
"Sub-Optimal",300.000000003104,"2022-09-10 16:15:00","2022-09-10 21:15:00",52.72788,52.72845,7.45571428571429
"Sub-Optimal",404.999999997841,"2022-09-11 06:00:00","2022-09-11 12:45:00",52.72945,52.73022,7.47785714285714
"Sub-Optimal",105.000000002207,"2022-09-12 11:45:00","2022-09-12 13:30:00",52.73285,52.73305,7.48
"Sub-Optimal",134.999999998035,"2022-11-02 07:45:00","2022-11-02 10:00:00",52.87212,52.87237,7.484
"Sub-Optimal",89.9999999986903,"2022-11-03 09:15:00","2022-11-03 10:45:00",52.87503,52.8752,7.47714285714286
"Sub-Optimal",89.9999999986903,"2022-11-07 01:30:00","2022-11-07 03:00:00",52.8851,52.88527,7.46428571428571
"Sub-Optimal",105.000000002207,"2022-11-08 02:15:00","2022-11-08 04:00:00",52.88793,52.88813,7.45625
"Sub-Optimal",105.000000002207,"2022-11-09 03:00:00","2022-11-09 04:45:00",52.89075,52.89095,7.45625
"Sub-Optimal",135.00000000177,"2022-11-10 03:15:00","2022-11-10 05:30:00",52.89352,52.89378,7.46
"Sub-Optimal",89.9999999986903,"2022-11-11 04:30:00","2022-11-11 06:00:00",52.8964,52.89658,7.48714285714286
"Sub-Optimal",89.9999999986903,"2022-11-13 05:45:00","2022-11-13 07:15:00",52.90203,52.9022,7.48571428571429
"Sub-Optimal",135.00000000177,"2022-11-14 05:45:00","2022-11-14 08:00:00",52.90477,52.90502,7.477
"Sub-Optimal",120.000000005723,"2022-11-15 07:15:00","2022-11-15 09:15:00",52.90768,52.90791,7.48333333333333
"Sub-Optimal",120.000000001988,"2022-11-16 06:30:00","2022-11-16 08:30:00",52.91033,52.91056,7.48666666666667
"Sub-Optimal",59.9999999991269,"2022-11-19 10:15:00","2022-11-19 11:15:00",52.91898,52.91909,7.492
"Sub-Optimal",225.00000000046,"2022-12-29 05:15:00","2022-12-29 09:00:00",53.028,53.02842,7.45375
"Sub-Optimal",90.0000000024249,"2023-12-05 08:15:00","2023-12-05 09:45:00",53.96259,53.96276,7.45428571428571
"Sub-Optimal",165.000000001334,"2023-12-06 21:30:00","2023-12-07 00:15:00",53.96684,53.96715,7.43416666666667
"Sub-Optimal",390.000000001794,"2023-12-07 05:45:00","2023-12-07 12:15:00",53.96778,53.96852,7.18740740740741
"Sub-Optimal",404.999999997841,"2023-12-07 19:00:00","2023-12-08 01:45:00",53.96929,53.97006,7.16964285714286
"Sub-Optimal",299.999999999369,"2023-12-08 07:30:00","2023-12-08 12:30:00",53.97072,53.97129,7.2152380952381
"Sub-Optimal",314.999999999151,"2023-12-08 20:45:00","2023-12-09 02:00:00",53.97223,53.97283,7.29045454545455
"Sub-Optimal",135.00000000177,"2023-12-10 00:15:00","2023-12-10 02:30:00",53.97537,53.97563,7.456
"Sub-Optimal",269.999999999806,"2024-01-29 02:30:00","2024-01-29 07:00:00",54.11261,54.11313,7.37052631578947
"Sub-Optimal",225.00000000046,"2024-01-30 03:15:00","2024-01-30 07:00:00",54.11544,54.11587,7.349375
"Sub-Optimal",105.000000002207,"2024-01-31 05:00:00","2024-01-31 06:45:00",54.11838,54.11858,7.45625
"Sub-Optimal",60.0000000028615,"2024-03-03 20:45:00","2024-03-03 21:45:00",54.20785,54.20796,7.48
"Sub-Optimal",104.999999998472,"2024-03-17 18:00:00","2024-03-17 19:45:00",54.24589,54.24609,7.475
"Sub-Optimal",89.9999999986903,"2024-03-18 19:30:00","2024-03-18 21:00:00",54.2488,54.24897,7.45
"Sub-Optimal",105.000000002207,"2024-08-08 11:00:00","2024-08-08 12:45:00",54.63961,54.63981,7.48375
"Sub-Optimal",465.000000000703,"2024-08-09 08:45:00","2024-08-09 16:30:00",54.64209,54.64298,7.440625
"Sub-Optimal",389.999999998059,"2024-08-10 10:45:00","2024-08-10 17:15:00",54.64506,54.6458,7.45814814814815
"Sub-Optimal",210.000000000679,"2024-08-11 12:30:00","2024-08-11 16:00:00",54.648,54.6484,7.48
"Sub-Optimal",254.999999996289,"2024-11-22 05:30:00","2024-11-22 09:45:00",54.92939,54.92988,7.44888888888889
"Sub-Optimal",165.000000005068,"2025-01-07 06:30:00","2025-01-07 09:15:00",55.05554,55.05585,7.42916666666667
"Sub-Optimal",390.000000001794,"2025-03-23 17:00:00","2025-03-23 23:30:00",55.26221,55.26296,7.34851851851852
"Sub-Optimal",225.00000000046,"2025-03-24 20:15:00","2025-03-25",55.26533,55.26575,7.40125
"Marginal",135.00000000177,"2009-08-19 15:45:00","2009-08-19 18:00:00",39.65933,39.65959,7.589
"Marginal",74.9999999989086,"2009-08-20 11:00:00","2009-08-20 12:15:00",39.66153,39.66167,7.59
"Marginal",120.000000001988,"2009-08-21 11:30:00","2009-08-21 13:30:00",39.66433,39.66455,7.58111111111111
"Marginal",119.999999998254,"2009-08-23 12:15:00","2009-08-23 14:15:00",39.66989,39.67012,7.57444444444444
"Marginal",299.999999999369,"2009-08-24 10:15:00","2009-08-24 15:15:00",39.6724,39.67297,7.55904761904762
"Marginal",269.999999999806,"2009-08-25 12:00:00","2009-08-25 16:30:00",39.67534,39.67586,7.56526315789474
"Marginal",135.00000000177,"2009-08-31 15:15:00","2009-08-31 17:30:00",39.69215,39.69241,7.58
"Marginal",285.000000003322,"2009-09-01 02:30:00","2009-09-01 07:15:00",39.69344,39.69398,7.544
"Marginal",210.000000000679,"2009-09-01 15:00:00","2009-09-01 18:30:00",39.69486,39.69526,7.546
"Marginal",359.999999998496,"2009-09-02 03:00:00","2009-09-02 09:00:00",39.69623,39.69692,7.5844
"Marginal",74.9999999989086,"2009-09-02 15:30:00","2009-09-02 16:45:00",39.69766,39.6978,7.58166666666667
"Marginal",150.000000001552,"2009-12-23 06:15:00","2009-12-23 08:45:00",40.00345,40.00374,7.60363636363636
"Marginal",269.999999999806,"2010-07-07 14:15:00","2010-07-07 18:45:00",40.54135,40.54187,7.53421052631579
"Marginal",89.9999999986903,"2010-07-08 00:15:00","2010-07-08 01:45:00",40.54249,40.54267,7.58714285714286
"Marginal",89.9999999986903,"2010-07-14 11:45:00","2010-07-14 13:15:00",40.56025,40.56042,7.57714285714286
"Marginal",75.0000000026432,"2010-07-15 13:00:00","2010-07-15 14:15:00",40.56313,40.56327,7.58333333333333
"Marginal",285.000000003322,"2010-07-16 10:00:00","2010-07-16 14:45:00",40.56553,40.56607,7.578
"Marginal",389.999999998059,"2010-07-17 09:00:00","2010-07-17 15:30:00",40.56815,40.56889,7.56481481481481
"Marginal",74.999999995174,"2010-07-17 20:45:00","2010-07-17 22:00:00",40.56949,40.56963,7.59166666666667
"Marginal",344.999999998714,"2010-07-18 10:15:00","2010-07-18 16:00:00",40.57103,40.57169,7.53541666666667
"Marginal",329.999999998932,"2010-07-18 21:30:00","2010-07-19 03:00:00",40.57232,40.57295,7.57130434782609
"Marginal",314.999999999151,"2010-07-19 11:45:00","2010-07-19 17:00:00",40.57394,40.57454,7.52045454545455
"Marginal",74.9999999989086,"2010-07-20 02:15:00","2010-07-20 03:30:00",40.5756,40.57574,7.58666666666667
"Marginal",209.999999996944,"2010-07-20 13:15:00","2010-07-20 16:45:00",40.57686,40.57725,7.56
"Marginal",269.999999999806,"2010-07-21 00:15:00","2010-07-21 04:45:00",40.57811,40.57862,7.57421052631579
"Marginal",255.000000000024,"2010-07-21 14:00:00","2010-07-21 18:15:00",40.57968,40.58017,7.53722222222222
"Marginal",314.999999999151,"2010-07-22 00:30:00","2010-07-22 05:45:00",40.58088,40.58148,7.57590909090909
"Marginal",120.000000001988,"2010-07-22 15:00:00","2010-07-22 17:00:00",40.58253,40.58276,7.58333333333333
"Marginal",255.000000000024,"2010-08-25 07:00:00","2010-08-25 11:15:00",40.67477,40.67526,7.565
"Marginal",165.000000001334,"2010-08-25 16:45:00","2010-08-25 19:30:00",40.67588,40.6762,7.56416666666667
"Marginal",450.000000000921,"2010-08-26 06:00:00","2010-08-26 13:30:00",40.6774,40.67825,7.55645161290323
"Marginal",255.000000000024,"2010-08-26 17:15:00","2010-08-26 21:30:00",40.67868,40.67917,7.56444444444444
"Marginal",344.99999999498,"2010-08-27 08:00:00","2010-08-27 13:45:00",40.68037,40.68102,7.57625
"Marginal",344.999999998714,"2010-08-28 08:45:00","2010-08-28 14:30:00",40.68319,40.68385,7.57291666666667
"Marginal",479.99999999675,"2010-08-29 07:15:00","2010-08-29 15:15:00",40.68576,40.68667,7.54121212121212
"Marginal",210.000000000679,"2010-08-29 18:45:00","2010-08-29 22:15:00",40.68707,40.68747,7.56066666666667
"Marginal",555.000000003128,"2010-08-30 08:30:00","2010-08-30 17:45:00",40.68864,40.6897,7.56710526315789
"Marginal",135.00000000177,"2010-08-31 13:30:00","2010-08-31 15:45:00",40.69195,40.69221,7.587
"Marginal",269.999999999806,"2010-12-15 21:00:00","2010-12-16 01:30:00",40.98322,40.98373,7.50684210526316
"Marginal",210.000000000679,"2010-12-16 07:30:00","2010-12-16 11:00:00",40.98442,40.98482,7.572
"Marginal",329.999999998932,"2010-12-16 21:00:00","2010-12-17 02:30:00",40.98596,40.98659,7.4825
"Marginal",240.000000000242,"2010-12-30 22:00:00","2010-12-31 02:00:00",41.02443,41.02489,7.47764705882353
"Marginal",210.000000000679,"2011-01-17 10:30:00","2011-01-17 14:00:00",41.07243,41.07283,7.51266666666667
"Marginal",554.999999999393,"2011-01-17 20:00:00","2011-01-18 05:15:00",41.07352,41.07457,7.16894736842105
"Marginal",210.000000000679,"2011-01-18 11:15:00","2011-01-18 14:45:00",41.07526,41.07566,7.34333333333333
"Marginal",375.000000002012,"2011-01-18 22:45:00","2011-01-19 05:00:00",41.07657,41.07728,7.43884615384615
"Marginal",195.000000000897,"2011-01-20 02:00:00","2011-01-20 05:15:00",41.07968,41.08005,7.37285714285714
"Marginal",90.0000000024249,"2011-01-21 03:45:00","2011-01-21 05:15:00",41.08262,41.08279,7.52857142857143
"Marginal",269.999999999806,"2011-06-26 14:16:00","2011-06-26 18:46:00",41.51122,41.51173,7.58578947368421
"Marginal",344.999999998714,"2011-06-27 00:01:00","2011-06-27 05:46:00",41.51233,41.51299,7.57625
"Marginal",359.999999998496,"2011-07-06 09:16:00","2011-07-06 15:16:00",41.53804,41.53873,7.5608
"Marginal",478.999999999752,"2011-07-07 08:46:00","2011-07-07 16:45:00",41.54073,41.54164,7.53636363636364
"Marginal",464.999999996968,"2011-07-07 18:30:00","2011-07-08 02:15:00",41.54184,41.54272,7.4946875
"Marginal",465.000000000703,"2011-07-08 09:15:00","2011-07-08 17:00:00",41.54352,41.54441,7.49375
"Marginal",480.000000000484,"2011-07-08 18:45:00","2011-07-09 02:45:00",41.54461,41.54552,7.47424242424242
"Marginal",345.000000002449,"2011-07-09 11:15:00","2011-07-09 17:00:00",41.54649,41.54715,7.51666666666667
"Marginal",405.000000001576,"2011-07-09 21:00:00","2011-07-10 03:45:00",41.5476,41.54837,7.50071428571429
"Marginal",405.000000001576,"2011-07-10 12:30:00","2011-07-10 19:15:00",41.54937,41.55014,7.50178571428571
"Marginal",390.000000001794,"2011-07-10 22:45:00","2011-07-11 05:15:00",41.55054,41.55128,7.54148148148148
"Marginal",329.999999998932,"2011-07-11 13:30:00","2011-07-11 19:00:00",41.55223,41.55285,7.5595652173913
"Marginal",134.999999998035,"2011-07-12 15:15:00","2011-07-12 17:30:00",41.55517,41.55542,7.582
"Marginal",224.999999996726,"2011-07-24 13:00:00","2011-07-24 16:45:00",41.58779,41.58821,7.56125
"Marginal",344.999999998714,"2011-07-24 22:15:00","2011-07-25 04:00:00",41.58884,41.5895,7.52375
"Marginal",119.999999998254,"2011-07-25 14:00:00","2011-07-25 16:00:00",41.59064,41.59087,7.59777777777778
"Marginal",119.999999998254,"2011-07-26 02:00:00","2011-07-26 04:00:00",41.59201,41.59224,7.59666666666667
"Marginal",195.000000000897,"2011-07-27 02:00:00","2011-07-27 05:15:00",41.59475,41.59512,7.56857142857143
"Marginal",90.0000000024249,"2011-07-27 14:45:00","2011-07-27 16:15:00",41.5962,41.59638,7.58142857142857
"Marginal",299.999999999369,"2011-07-28 02:00:00","2011-07-28 07:00:00",41.59749,41.59806,7.55523809523809
"Marginal",299.999999999369,"2011-07-28 15:15:00","2011-07-28 20:15:00",41.599,41.59957,7.56238095238095
"Marginal",390.000000001794,"2011-07-29 01:45:00","2011-07-29 08:15:00",41.6002,41.60094,7.55777777777778
"Marginal",284.999999999587,"2011-07-29 15:45:00","2011-07-29 20:30:00",41.6018,41.60234,7.5595
"Marginal",584.999999998956,"2011-07-30 02:15:00","2011-07-30 12:00:00",41.603,41.60411,7.53375
"Marginal",329.999999998932,"2011-07-30 16:15:00","2011-07-30 21:45:00",41.60459,41.60522,7.52565217391304
"Marginal",660.0000000016,"2011-07-31 03:45:00","2011-07-31 14:45:00",41.60591,41.60716,7.50066666666667
"Marginal",299.999999999369,"2011-07-31 16:15:00","2011-07-31 21:15:00",41.60733,41.60791,7.51666666666667
"Marginal",629.999999998302,"2011-08-01 03:45:00","2011-08-01 14:15:00",41.60865,41.60985,7.52139534883721
"Marginal",330.000000002667,"2011-08-01 16:00:00","2011-08-01 21:30:00",41.61005,41.61067,7.53565217391304
"Marginal",1079.99999999922,"2011-08-02 04:45:00","2011-08-02 22:45:00",41.6115,41.61356,7.49767123287671
"Marginal",930.000000001405,"2011-08-03 05:30:00","2011-08-03 21:00:00",41.61433,41.6161,7.51
"Marginal",794.999999999635,"2011-08-04 07:15:00","2011-08-04 20:30:00",41.61727,41.61878,7.52259259259259
"Marginal",539.999999999611,"2011-08-05 08:30:00","2011-08-05 17:30:00",41.62015,41.62118,7.53189189189189
"Marginal",60.0000000028615,"2011-08-05 19:00:00","2011-08-05 20:00:00",41.62135,41.62146,7.568
"Marginal",389.999999998059,"2011-08-06 10:15:00","2011-08-06 16:45:00",41.62309,41.62383,7.56518518518519
"Marginal",75.0000000026432,"2011-08-06 20:15:00","2011-08-06 21:30:00",41.62423,41.62437,7.59333333333333
"Marginal",390.000000001794,"2011-08-07 11:15:00","2011-08-07 17:45:00",41.62594,41.62668,7.54222222222222
"Marginal",149.999999997817,"2011-08-07 21:30:00","2011-08-08",41.62711,41.6274,7.58
"Marginal",195.000000000897,"2011-08-08 12:30:00","2011-08-08 15:45:00",41.62882,41.6292,7.58214285714286
"Marginal",150.000000001552,"2011-08-12 16:00:00","2011-08-12 18:30:00",41.64018,41.64047,7.58363636363636
"Marginal",345.000000002449,"2011-09-03 10:46:00","2011-09-03 16:31:00",41.69986,41.70052,7.55708333333333
"Marginal",299.999999995634,"2011-09-03 20:16:00","2011-09-04 01:16:00",41.70094,41.70151,7.58761904761905
"Marginal",419.999999997623,"2011-09-04 09:46:00","2011-09-04 16:46:00",41.70248,41.70328,7.53655172413793
"Marginal",255.000000000024,"2011-09-04 20:01:00","2011-09-05 00:16:00",41.70365,41.70414,7.58722222222222
"Marginal",240.000000003977,"2011-09-07 14:46:00","2011-09-07 18:46:00",41.71127,41.71173,7.57588235294118
"Marginal",104.999999998472,"2011-09-08 01:31:00","2011-09-08 03:16:00",41.7125,41.7127,7.57875
"Marginal",74.9999999989086,"2011-09-08 04:46:00","2011-09-08 06:01:00",41.71287,41.71302,7.57666666666667
"Marginal",284.999999999587,"2011-09-08 14:46:00","2011-09-08 19:31:00",41.71401,41.71456,7.5735
"Marginal",210.000000000679,"2011-09-09 03:31:00","2011-09-09 07:01:00",41.71547,41.71587,7.58733333333333
"Marginal",59.9999999991269,"2011-09-09 16:16:00","2011-09-09 17:16:00",41.71693,41.71704,7.592
"Marginal",284.999999999587,"2011-09-11 06:16:00","2011-09-11 11:01:00",41.72126,41.72181,7.576
"Marginal",345.000000002449,"2011-09-11 16:01:00","2011-09-11 21:46:00",41.72238,41.72303,7.53375
"Marginal",240.000000000242,"2011-09-12 09:31:00","2011-09-12 13:31:00",41.72437,41.72483,7.57928571428571
"Marginal",405.000000001576,"2011-12-31 03:16:00","2011-12-31 10:01:00",42.02503,42.0258,7.36285714285714
"Marginal",435.000000001139,"2011-12-31 16:31:00","2011-12-31 23:46:00",42.02654,42.02737,7.35766666666667
"Marginal",435.000000001139,"2012-01-01 02:46:00","2012-01-01 10:01:00",42.02771,42.02854,7.29966666666667
"Marginal",329.999999998932,"2012-01-01 18:16:00","2012-01-01 23:46:00",42.02948,42.03011,7.4304347826087
"Marginal",269.999999999806,"2012-01-02 05:31:00","2012-01-02 10:01:00",42.03077,42.03128,7.47631578947368
"Marginal",89.9999999986903,"2012-01-02 23:01:00","2012-01-03 00:31:00",42.03276,42.03294,7.58
"Marginal",165.000000001334,"2012-01-03 22:16:00","2012-01-04 01:01:00",42.03542,42.03573,7.52833333333333
"Marginal",344.999999998714,"2012-01-19 20:31:00","2012-01-20 02:16:00",42.07905,42.07971,7.25208333333333
"Marginal",300.000000003104,"2012-01-20 04:01:00","2012-01-20 09:01:00",42.07991,42.08048,7.32333333333333
"Marginal",374.999999998278,"2012-01-20 19:31:00","2012-01-21 01:46:00",42.08168,42.08239,7.12
"Marginal",315.000000002885,"2012-01-21 10:01:00","2012-01-21 15:16:00",42.08334,42.08393,7.27272727272727
"Marginal",480.000000000484,"2012-01-21 21:01:00","2012-01-22 05:01:00",42.08459,42.0855,7.27625
"Marginal",209.999999996944,"2012-01-22 12:01:00","2012-01-22 15:31:00",42.0863,42.0867,7.39666666666667
"Marginal",269.999999999806,"2012-01-23 00:31:00","2012-01-23 05:01:00",42.08773,42.08824,7.39684210526316
"Marginal",104.999999998472,"2012-01-23 14:16:00","2012-01-23 16:01:00",42.0893,42.0895,7.4925
"Marginal",149.999999997817,"2012-01-24 03:01:00","2012-01-24 05:31:00",42.09076,42.09104,7.42
"Marginal",135.00000000177,"2012-01-26 04:01:00","2012-01-26 06:16:00",42.09635,42.09661,7.512
"Marginal",104.999999998472,"2012-01-26 16:46:00","2012-01-26 18:31:00",42.0978,42.098,7.58125
"Marginal",209.999999996944,"2012-01-27 03:46:00","2012-01-27 07:16:00",42.09906,42.09946,7.45733333333333
"Marginal",105.000000002207,"2012-01-27 17:46:00","2012-01-27 19:31:00",42.10066,42.10086,7.57875
"Marginal",165.000000001334,"2012-01-28 05:01:00","2012-01-28 07:46:00",42.10194,42.10226,7.52333333333333
"Marginal",164.999999997599,"2012-01-31 20:16:00","2012-01-31 23:01:00",42.1119,42.11222,7.5625
"Marginal",180.000000001115,"2012-02-01 21:01:00","2012-02-02 00:01:00",42.11473,42.11507,7.50166666666667
"Marginal",390.000000001794,"2012-03-16 17:31:00","2012-03-17 00:01:00",42.23488,42.23562,7.48037037037037
"Marginal",314.999999999151,"2012-03-17 19:46:00","2012-03-18 01:01:00",42.23787,42.23847,7.42727272727273
"Marginal",240.000000000242,"2012-03-18 21:46:00","2012-03-19 01:46:00",42.24084,42.2413,7.51705882352941
"Marginal",359.999999998496,"2012-03-31 17:31:00","2012-03-31 23:31:00",42.27597,42.27666,7.4796
"Marginal",269.999999999806,"2012-04-01 06:01:00","2012-04-01 10:31:00",42.2774,42.27791,7.58368421052632
"Marginal",480.000000000484,"2012-04-01 16:46:00","2012-04-02 00:46:00",42.27863,42.27954,7.34090909090909
"Marginal",284.999999999587,"2012-04-02 07:31:00","2012-04-02 12:16:00",42.28031,42.28085,7.47
"Marginal",434.999999997405,"2012-04-02 18:01:00","2012-04-03 01:16:00",42.28151,42.28234,7.44133333333333
"Marginal",120.000000001988,"2012-04-03 23:01:00","2012-04-04 01:01:00",42.28482,42.28505,7.52555555555556
"Marginal",194.999999997162,"2012-06-15 15:16:00","2012-06-15 18:31:00",42.48393,42.48431,7.58
"Marginal",59.9999999991269,"2012-07-11 13:46:00","2012-07-11 14:46:00",42.555,42.55511,7.58
"Marginal",89.9999999986903,"2012-07-12 22:16:00","2012-07-12 23:46:00",42.55871,42.55888,7.59857142857143
"Marginal",74.9999999989086,"2012-07-13 01:46:00","2012-07-13 03:01:00",42.55911,42.55925,7.59
"Marginal",269.999999999806,"2012-07-13 13:46:00","2012-07-13 18:16:00",42.56048,42.56099,7.56263157894737
"Marginal",149.999999997817,"2012-08-12 15:46:00","2012-08-12 18:16:00",42.6429,42.64318,7.57181818181818
"Marginal",315.000000002885,"2012-08-13 00:16:00","2012-08-13 05:31:00",42.64387,42.64447,7.56454545454545
"Marginal",150.000000001552,"2012-08-15 04:16:00","2012-08-15 06:46:00",42.6498,42.65009,7.57363636363636
"Marginal",89.9999999986903,"2012-09-04 13:01:00","2012-09-04 14:31:00",42.7056,42.70577,7.58714285714286
"Marginal",89.9999999986903,"2012-09-05 13:31:00","2012-09-05 15:01:00",42.70839,42.70856,7.58571428571429
"Marginal",374.999999998278,"2012-09-06 10:31:00","2012-09-06 16:46:00",42.71079,42.7115,7.56730769230769
"Marginal",269.999999999806,"2012-09-07 12:01:00","2012-09-07 16:31:00",42.7137,42.71421,7.57684210526316
"Marginal",150.000000001552,"2012-09-18 12:16:00","2012-09-18 14:46:00",42.74387,42.74415,7.56272727272727
"Marginal",164.999999997599,"2012-10-05 13:31:00","2012-10-05 16:16:00",42.79058,42.7909,7.57333333333333
"Marginal",120.000000001988,"2012-11-03 04:16:00","2012-11-03 06:16:00",42.86898,42.86921,7.53
"Marginal",90.0000000024249,"2012-11-04 05:31:00","2012-11-04 07:01:00",42.87186,42.87203,7.58285714285714
"Marginal",150.000000001552,"2012-11-05 06:01:00","2012-11-05 08:31:00",42.87466,42.87494,7.54090909090909
"Marginal",120.000000001988,"2012-11-06 07:01:00","2012-11-06 09:01:00",42.87751,42.87774,7.55777777777778
"Marginal",104.999999998472,"2012-11-20 20:31:00","2012-11-20 22:16:00",42.91741,42.91761,7.53875
"Marginal",420.000000001357,"2012-11-21 04:01:00","2012-11-21 11:01:00",42.91827,42.91907,7.33034482758621
"Marginal",314.999999999151,"2012-11-21 19:16:00","2012-11-22 00:31:00",42.92001,42.92061,7.405
"Marginal",435.000000001139,"2012-11-22 05:01:00","2012-11-22 12:16:00",42.92112,42.92195,7.27366666666667
"Marginal",284.999999999587,"2012-11-22 20:46:00","2012-11-23 01:31:00",42.92292,42.92346,7.466
"Marginal",314.999999999151,"2012-11-23 07:31:00","2012-11-23 12:46:00",42.92415,42.92475,7.47136363636364
"Marginal",59.9999999991269,"2012-11-25 01:31:00","2012-11-25 02:31:00",42.92894,42.92905,7.58
"Marginal",359.999999998496,"2012-12-06 04:01:00","2012-12-06 10:01:00",42.95936,42.96005,7.3832
"Marginal",150.000000001552,"2012-12-06 19:31:00","2012-12-06 22:01:00",42.96113,42.96142,7.56636363636364
"Marginal",360.000000002231,"2012-12-07 04:46:00","2012-12-07 10:46:00",42.96219,42.96287,7.376
"Marginal",240.000000000242,"2012-12-07 19:31:00","2012-12-07 23:31:00",42.96387,42.96433,7.51058823529412
"Marginal",344.999999998714,"2012-12-08 05:46:00","2012-12-08 11:31:00",42.96504,42.9657,7.4225
"Marginal",165.000000001334,"2012-12-08 22:16:00","2012-12-09 01:01:00",42.96693,42.96724,7.53333333333333
"Marginal",209.999999996944,"2012-12-09 08:16:00","2012-12-09 11:46:00",42.96807,42.96847,7.57153846153846
"Marginal",89.9999999986903,"2012-12-19 07:16:00","2012-12-19 08:46:00",42.99535,42.99552,7.56142857142857
"Marginal",104.999999998472,"2013-06-05 15:16:00","2013-06-05 17:01:00",43.45654,43.45674,7.585
"Marginal",284.999999999587,"2013-06-07 03:16:00","2013-06-07 08:01:00",43.46065,43.46119,7.5795
"Marginal",180.000000001115,"2013-06-07 16:16:00","2013-06-07 19:16:00",43.46213,43.46247,7.56461538461538
"Marginal",134.999999998035,"2013-06-08 06:01:00","2013-06-08 08:16:00",43.4637,43.46396,7.594
"Marginal",135.00000000177,"2013-06-08 17:31:00","2013-06-08 19:46:00",43.46501,43.46527,7.593
"Marginal",330.000000002667,"2013-06-09 03:31:00","2013-06-09 09:01:00",43.46615,43.46678,7.58347826086957
"Marginal",300.000000003104,"2013-06-10 17:31:00","2013-06-10 22:31:00",43.47049,43.47106,7.55428571428571
"Marginal",314.999999999151,"2013-06-11 05:31:00","2013-06-11 10:46:00",43.47186,43.47246,7.54227272727273
"Marginal",329.999999998932,"2013-06-11 18:01:00","2013-06-11 23:31:00",43.47329,43.47392,7.56739130434783
"Marginal",359.999999998496,"2013-06-12 05:16:00","2013-06-12 11:16:00",43.47457,43.47526,7.5668
"Marginal",255.000000000024,"2013-06-12 18:31:00","2013-06-12 22:46:00",43.47609,43.47657,7.58888888888889
"Marginal",165.000000001334,"2013-06-13 09:01:00","2013-06-13 11:46:00",43.47774,43.47806,7.58181818181818
"Marginal",59.9999999991269,"2013-07-07 06:46:00","2013-07-07 07:46:00",43.54324,43.54335,7.58
"Marginal",179.999999997381,"2013-07-08 05:31:00","2013-07-08 08:31:00",43.54584,43.54618,7.58153846153846
"Marginal",210.000000000679,"2013-07-08 17:01:00","2013-07-08 20:31:00",43.54715,43.54755,7.59
"Marginal",240.000000000242,"2013-07-09 05:31:00","2013-07-09 09:31:00",43.54857,43.54903,7.58470588235294
"Marginal",90.0000000024249,"2013-07-09 11:01:00","2013-07-09 12:31:00",43.5492,43.54937,7.59714285714286
"Marginal",299.999999999369,"2013-07-09 17:31:00","2013-07-09 22:31:00",43.54994,43.55052,7.56142857142857
"Marginal",465.000000000703,"2013-07-10 06:01:00","2013-07-10 13:46:00",43.55137,43.55226,7.56875
"Marginal",285.000000003322,"2013-07-10 17:46:00","2013-07-10 22:31:00",43.55271,43.55326,7.569
"Marginal",449.999999997186,"2013-07-11 06:16:00","2013-07-11 13:46:00",43.55414,43.555,7.56645161290323
"Marginal",330.000000002667,"2013-07-11 18:31:00","2013-07-12 00:01:00",43.55554,43.55617,7.55652173913043
"Marginal",464.999999996968,"2013-07-12 06:46:00","2013-07-12 14:31:00",43.55694,43.55782,7.5590625
"Marginal",345.000000002449,"2013-07-12 19:01:00","2013-07-13 00:46:00",43.55834,43.55899,7.55916666666667
"Marginal",284.999999999587,"2013-07-13 07:46:00","2013-07-13 12:31:00",43.55979,43.56033,7.547
"Marginal",240.000000000242,"2013-07-13 19:46:00","2013-07-13 23:46:00",43.56116,43.56162,7.58941176470588
"Marginal",224.999999996726,"2013-07-14 09:46:00","2013-07-14 13:31:00",43.56276,43.56319,7.57125
"Marginal",240.000000000242,"2013-07-15 10:46:00","2013-07-15 14:46:00",43.56561,43.56607,7.56823529411765
"Marginal",269.999999999806,"2013-07-16 11:16:00","2013-07-16 15:46:00",43.56841,43.56892,7.55315789473684
"Marginal",74.9999999989086,"2013-07-20 17:16:00","2013-07-20 18:31:00",43.58005,43.5802,7.59166666666667
"Marginal",120.000000001988,"2013-07-21 16:16:00","2013-07-21 18:16:00",43.58268,43.58291,7.58555555555556
"Marginal",285.000000003322,"2013-08-21 17:01:00","2013-08-21 21:46:00",43.6677,43.66824,7.5535
"Marginal",795.00000000337,"2013-08-22 06:16:00","2013-08-22 19:31:00",43.66921,43.67072,7.54901960784314
"Marginal",120.000000001988,"2013-08-23 00:16:00","2013-08-23 02:16:00",43.67126,43.67149,7.57333333333333
"Marginal",59.9999999991269,"2013-08-23 03:46:00","2013-08-23 04:46:00",43.67166,43.67178,7.574
"Marginal",360.000000002231,"2013-08-23 11:31:00","2013-08-23 17:31:00",43.67255,43.67323,7.5192
"Marginal",104.999999998472,"2014-02-14 03:01:00","2014-02-14 04:46:00",44.15103,44.15123,7.53125
"Marginal",89.9999999986903,"2014-02-15 03:31:00","2014-02-15 05:01:00",44.15383,44.154,7.54571428571429
"Marginal",209.999999996944,"2014-03-08 19:31:00","2014-03-08 23:01:00",44.21319,44.21359,7.554
"Marginal",105.000000002207,"2014-03-10 20:46:00","2014-03-10 22:31:00",44.21881,44.21901,7.5525
"Marginal",179.999999997381,"2014-07-08 13:46:00","2014-07-08 16:46:00",44.54678,44.54712,7.58461538461538
"Marginal",359.999999998496,"2014-07-09 00:16:00","2014-07-09 06:16:00",44.54798,44.54866,7.5592
"Marginal",299.999999999369,"2014-07-09 13:01:00","2014-07-09 18:01:00",44.54943,44.55,7.57666666666667
"Marginal",479.99999999675,"2014-07-10 00:46:00","2014-07-10 08:46:00",44.55077,44.55169,7.54545454545454
"Marginal",284.999999999587,"2014-07-10 14:31:00","2014-07-10 19:16:00",44.55234,44.55288,7.534
"Marginal",554.999999995658,"2014-07-11 01:46:00","2014-07-11 11:01:00",44.55363,44.55468,7.54473684210526
"Marginal",359.999999998496,"2014-07-11 15:01:00","2014-07-11 21:01:00",44.55514,44.55582,7.5356
"Marginal",884.999999998325,"2014-07-12 03:01:00","2014-07-12 17:46:00",44.55651,44.55819,7.55783333333333
"Marginal",374.999999998278,"2014-07-13 10:31:00","2014-07-13 16:46:00",44.5601,44.56082,7.54615384615385
"Marginal",269.999999999806,"2014-07-14 13:01:00","2014-07-14 17:31:00",44.56313,44.56364,7.56368421052632
"Marginal",360.000000002231,"2014-07-16 09:16:00","2014-07-16 15:16:00",44.56818,44.56887,7.55416666666667
"Marginal",284.999999999587,"2014-07-16 18:16:00","2014-07-16 23:01:00",44.56921,44.56975,7.571
"Marginal",465.000000004437,"2014-07-17 08:01:00","2014-07-17 15:46:00",44.57078,44.57166,7.52935483870968
"Marginal",90.0000000024249,"2014-07-17 19:01:00","2014-07-17 20:31:00",44.57203,44.57221,7.58
"Marginal",195.000000000897,"2014-07-18 11:31:00","2014-07-18 14:46:00",44.57392,44.57429,7.57571428571429
"Marginal",254.999999996289,"2014-07-19 11:16:00","2014-07-19 15:31:00",44.57663,44.57711,7.57666666666667
"Marginal",59.9999999991269,"2014-07-20 13:46:00","2014-07-20 14:46:00",44.57965,44.57977,7.59
"Marginal",119.999999998254,"2014-07-29 10:46:00","2014-07-29 12:46:00",44.60397,44.6042,7.57222222222222
"Marginal",60.0000000028615,"2014-07-30 11:46:00","2014-07-30 12:46:00",44.60682,44.60694,7.57
"Marginal",314.999999999151,"2014-07-31 09:46:00","2014-07-31 15:01:00",44.60933,44.60993,7.56863636363636
"Marginal",225.00000000046,"2014-08-01 11:46:00","2014-08-01 15:31:00",44.6123,44.61273,7.55625
"Marginal",285.000000003322,"2014-08-02 11:01:00","2014-08-02 15:46:00",44.61496,44.6155,7.57
"Marginal",89.9999999986903,"2014-08-03 15:31:00","2014-08-03 17:01:00",44.61821,44.61838,7.55142857142857
"Marginal",240.000000003977,"2014-08-04 11:46:00","2014-08-04 15:46:00",44.62052,44.62098,7.55352941176471
"Marginal",314.999999999151,"2014-08-04 21:16:00","2014-08-05 02:31:00",44.62161,44.62221,7.57181818181818
"Marginal",344.999999998714,"2014-08-05 11:16:00","2014-08-05 17:01:00",44.6232,44.62386,7.52625
"Marginal",134.999999998035,"2014-08-27 10:31:00","2014-08-27 12:46:00",44.68339,44.68365,7.585
"Marginal",225.00000000046,"2014-08-28 10:46:00","2014-08-28 14:31:00",44.68616,44.68659,7.56875
"Marginal",300.000000003104,"2014-12-22 00:46:00","2014-12-22 05:46:00",45.00283,45.0034,7.23380952380952
"Marginal",255.000000003758,"2014-12-22 12:01:00","2014-12-22 16:16:00",45.00411,45.0046,7.32222222222222
"Marginal",360.000000002231,"2014-12-23 00:01:00","2014-12-23 06:01:00",45.00548,45.00617,7.2448
"Marginal",75.0000000026432,"2014-12-23 15:01:00","2014-12-23 16:16:00",45.00719,45.00734,7.56666666666667
"Marginal",194.999999997162,"2014-12-24 02:46:00","2014-12-24 06:01:00",45.00854,45.00891,7.44142857142857
"Marginal",150.000000001552,"2014-12-25 04:01:00","2014-12-25 06:31:00",45.01142,45.0117,7.49363636363636
"Marginal",60.0000000028615,"2014-12-26 06:16:00","2014-12-26 07:16:00",45.01441,45.01453,7.566
"Marginal",105.000000002207,"2015-02-10 18:16:00","2015-02-10 20:01:00",45.14181,45.14201,7.5925
"Marginal",225.00000000046,"2015-02-11 03:46:00","2015-02-11 07:31:00",45.1429,45.14332,7.490625
"Marginal",269.999999999806,"2015-02-11 17:01:00","2015-02-11 21:31:00",45.14441,45.14492,7.39368421052632
"Marginal",150.000000001552,"2015-02-12 06:01:00","2015-02-12 08:31:00",45.14589,45.14618,7.47909090909091
"Marginal",254.999999996289,"2015-02-12 18:31:00","2015-02-12 22:46:00",45.14732,45.1478,7.395
"Marginal",194.999999997162,"2015-02-13 20:46:00","2015-02-14 00:01:00",45.15032,45.15069,7.52428571428571
"Marginal",74.9999999989086,"2015-07-03 10:46:00","2015-07-03 12:01:00",45.53274,45.53288,7.56166666666667
"Marginal",74.9999999989086,"2015-07-04 11:46:00","2015-07-04 13:01:00",45.53559,45.53573,7.58
"Marginal",89.9999999986903,"2015-07-04 16:16:00","2015-07-04 17:46:00",45.5361,45.53627,7.58857142857143
"Marginal",119.999999998254,"2015-07-05 12:16:00","2015-07-05 14:16:00",45.53839,45.53861,7.53888888888889
"Marginal",104.999999994737,"2015-07-05 17:01:00","2015-07-05 18:46:00",45.53893,45.53913,7.555
"Marginal",89.9999999986903,"2015-09-28 11:16:00","2015-09-28 12:46:00",45.77115,45.77132,7.58857142857143
"Marginal",225.00000000046,"2015-09-29 11:16:00","2015-09-29 15:01:00",45.77389,45.77432,7.580625
"Marginal",224.999999996726,"2015-12-10 00:31:00","2015-12-10 04:16:00",45.96992,45.97035,7.478125
"Marginal",284.999999999587,"2015-12-14 02:01:00","2015-12-14 06:46:00",45.98105,45.98159,7.49
"Marginal",299.999999995634,"2015-12-15 02:31:00","2015-12-15 07:31:00",45.98385,45.98442,7.4647619047619
"Marginal",180.000000001115,"2015-12-16 04:31:00","2015-12-16 07:31:00",45.98682,45.98716,7.51692307692308
"Marginal",179.999999997381,"2015-12-17 05:31:00","2015-12-17 08:31:00",45.98967,45.99001,7.53923076923077
"Marginal",314.999999999151,"2015-12-18 18:01:00","2015-12-18 23:16:00",45.99384,45.99444,7.40227272727273
"Marginal",465.000000004437,"2015-12-19 03:16:00","2015-12-19 11:01:00",45.99489,45.99578,7.0490625
"Marginal",344.999999998714,"2015-12-19 18:31:00","2015-12-20 00:16:00",45.99663,45.99729,7.18166666666667
"Marginal",314.999999999151,"2015-12-20 06:01:00","2015-12-20 11:16:00",45.99795,45.99855,7.21681818181818
"Marginal",255.000000000024,"2015-12-20 20:46:00","2015-12-21 01:01:00",45.99963,46.00012,7.42611111111111
"Marginal",180.000000001115,"2015-12-21 08:46:00","2015-12-21 11:46:00",46.001,46.00134,7.51769230769231
"Marginal",74.9999999989086,"2015-12-21 23:31:00","2015-12-22 00:46:00",46.00268,46.00283,7.58666666666667
"Marginal",135.00000000177,"2015-12-22 23:46:00","2015-12-23 02:01:00",46.00545,46.00571,7.502
"Marginal",134.999999998035,"2015-12-24 01:01:00","2015-12-24 03:16:00",46.00834,46.00859,7.5
"Marginal",135.00000000177,"2015-12-25 02:16:00","2015-12-25 04:31:00",46.01122,46.01147,7.551
"Marginal",135.00000000177,"2015-12-26 03:01:00","2015-12-26 05:16:00",46.01404,46.0143,7.535
"Marginal",89.9999999986903,"2016-03-15 20:01:00","2016-03-15 21:31:00",46.23516,46.23533,7.57857142857143
"Marginal",225.00000000046,"2016-03-16 18:31:00","2016-03-16 22:16:00",46.23773,46.23816,7.554375
"Marginal",239.999999996508,"2016-07-01 14:01:00","2016-07-01 18:01:00",46.53037,46.53082,7.57235294117647
"Marginal",194.999999993428,"2016-07-02 03:31:00","2016-07-02 06:46:00",46.53191,46.53228,7.58428571428571
"Marginal",120.000000001988,"2016-07-02 08:16:00","2016-07-02 10:16:00",46.53245,46.53268,7.56777777777778
"Marginal",284.999999999587,"2016-07-02 11:46:00","2016-07-02 16:31:00",46.53285,46.53339,7.5835
"Marginal",59.9999999953923,"2016-07-03 09:31:00","2016-07-03 10:31:00",46.53533,46.53545,7.588
"Marginal",104.999999998472,"2016-07-03 13:31:00","2016-07-03 15:16:00",46.53579,46.53599,7.57625
"Marginal",450.000000000921,"2016-07-25 08:46:00","2016-07-25 16:16:00",46.59552,46.59638,7.57290322580645
"Marginal",149.999999994083,"2016-07-26 14:01:00","2016-07-26 16:31:00",46.59886,46.59915,7.58272727272727
"Marginal",344.999999998714,"2016-07-27 11:46:00","2016-07-27 17:31:00",46.60134,46.602,7.5625
"Marginal",360.000000002231,"2016-07-27 22:16:00","2016-07-28 04:16:00",46.60254,46.60323,7.5652
"Marginal",375.000000002012,"2016-07-28 11:16:00","2016-07-28 17:31:00",46.60403,46.60474,7.55346153846154
"Marginal",60.0000000028615,"2016-07-29 10:46:00","2016-07-29 11:46:00",46.60671,46.60682,7.59
"Marginal",89.9999999986903,"2016-08-02 06:16:00","2016-08-02 07:46:00",46.61715,46.61732,7.58857142857143
"Marginal",75.0000000026432,"2016-08-02 09:46:00","2016-08-02 11:01:00",46.61755,46.6177,7.57833333333333
"Marginal",120.000000005723,"2016-09-29 09:46:00","2016-09-29 11:46:00",46.77646,46.77669,7.59444444444444
"Marginal",240.000000003977,"2016-09-30 09:16:00","2016-09-30 13:16:00",46.77914,46.7796,7.56294117647059
"Marginal",59.9999999991269,"2016-10-01 11:30:00","2016-10-01 12:30:00",46.78213,46.78225,7.586
"Marginal",314.999999999151,"2016-11-25 22:16:00","2016-11-26 03:31:00",46.93405,46.93465,7.42
"Marginal",314.999999999151,"2016-11-26 09:16:00","2016-11-26 14:31:00",46.9353,46.9359,7.28409090909091
"Marginal",330.000000002667,"2016-11-26 22:01:00","2016-11-27 03:31:00",46.93676,46.93739,7.33391304347826
"Marginal",149.999999997817,"2016-11-27 11:46:00","2016-11-27 14:16:00",46.93833,46.93861,7.52909090909091
"Marginal",105.000000002207,"2016-11-28 01:46:00","2016-11-28 03:31:00",46.93993,46.94013,7.5175
"Marginal",105.000000002207,"2016-11-29 02:16:00","2016-11-29 04:01:00",46.94272,46.94292,7.56125
"Marginal",240.000000000242,"2017-02-06 22:15:00","2017-02-07 02:15:00",47.13405,47.1345,7.48058823529412
"Marginal",180.000000001115,"2017-02-07 09:00:00","2017-02-07 12:00:00",47.13527,47.13562,7.54
"Marginal",329.999999998932,"2017-02-07 21:15:00","2017-02-08 02:45:00",47.13667,47.1373,7.41260869565217
"Marginal",209.999999996944,"2017-02-11 01:30:00","2017-02-11 05:00:00",47.14538,47.14578,7.41
"Marginal",150.000000001552,"2017-02-12 03:00:00","2017-02-12 05:30:00",47.14829,47.14857,7.49818181818182
"Marginal",150.000000001552,"2017-02-18 18:46:00","2017-02-18 21:16:00",47.16653,47.16681,7.59363636363636
"Marginal",60.0000000028615,"2017-02-19 22:31:00","2017-02-19 23:31:00",47.16969,47.16981,7.592
"Marginal",329.999999998932,"2017-02-21 20:01:00","2017-02-22 01:31:00",47.17489,47.17552,7.51608695652174
"Marginal",315.000000002885,"2017-02-22 21:31:00","2017-02-23 02:46:00",47.1778,47.1784,7.44909090909091
"Marginal",210.000000000679,"2017-02-23 23:46:00","2017-02-24 03:16:00",47.1808,47.18119,7.564
"Marginal",74.9999999989086,"2017-03-11 02:31:00","2017-03-11 03:46:00",47.22221,47.22235,7.57
"Marginal",180.000000001115,"2017-03-16 15:31:00","2017-03-16 18:31:00",47.23739,47.23773,7.47846153846154
"Marginal",165.000000005068,"2017-03-17 03:01:00","2017-03-17 05:46:00",47.2387,47.23901,7.4925
"Marginal",225.00000000046,"2017-03-17 15:16:00","2017-03-17 19:01:00",47.2401,47.24053,7.47
"Marginal",180.000000001115,"2017-03-19 16:46:00","2017-03-19 19:46:00",47.24575,47.24609,7.55538461538462
"Marginal",89.9999999986903,"2017-08-21 10:16:00","2017-08-21 11:46:00",47.66967,47.66984,7.59285714285714
"Marginal",104.999999994737,"2017-08-21 14:46:00","2017-08-21 16:31:00",47.67018,47.67038,7.59875
"Marginal",510.000000000048,"2017-08-22 08:16:00","2017-08-22 16:46:00",47.67218,47.67315,7.57171428571429
"Marginal",329.999999998932,"2017-08-23 11:46:00","2017-08-23 17:16:00",47.67532,47.67594,7.5695652173913
"Marginal",104.999999998472,"2017-08-24 12:16:00","2017-08-24 14:01:00",47.67811,47.67831,7.57375
"Marginal",119.999999998254,"2017-08-26 13:16:00","2017-08-26 15:16:00",47.68371,47.68393,7.57444444444444
"Marginal",210.000000004413,"2017-08-27 12:46:00","2017-08-27 16:16:00",47.68639,47.68679,7.57133333333333
"Marginal",269.999999999806,"2017-08-27 18:16:00","2017-08-27 22:46:00",47.68702,47.68753,7.59947368421053
"Marginal",465.000000000703,"2017-08-28 09:46:00","2017-08-28 17:31:00",47.68879,47.68967,7.561875
"Marginal",180.000000001115,"2017-08-28 20:01:00","2017-08-28 23:01:00",47.68996,47.6903,7.57769230769231
"Marginal",180.000000001115,"2017-09-02 15:01:00","2017-09-02 18:01:00",47.70308,47.70343,7.58615384615385
"Marginal",225.00000000046,"2017-09-03 02:46:00","2017-09-03 06:31:00",47.70443,47.70485,7.57625
"Marginal",240.000000000242,"2017-09-03 15:01:00","2017-09-03 19:01:00",47.70582,47.70628,7.55176470588235
"Marginal",74.9999999989086,"2017-09-04 08:31:00","2017-09-04 09:46:00",47.70782,47.70796,7.57833333333333
"Marginal",89.9999999986903,"2017-09-04 13:31:00","2017-09-04 15:01:00",47.70839,47.70856,7.58
"Marginal",135.00000000177,"2017-09-14 14:01:00","2017-09-14 16:16:00",47.73585,47.7361,7.591
"Marginal",105.000000002207,"2017-09-15 01:46:00","2017-09-15 03:31:00",47.73719,47.73739,7.5925
"Marginal",89.9999999986903,"2017-10-24 04:31:00","2017-10-24 06:01:00",47.84435,47.84452,7.57
"Marginal",120.000000005723,"2018-08-19 14:16:00","2018-08-19 16:16:00",48.66464,48.66487,7.58
"Marginal",299.999999995634,"2018-08-19 23:46:00","2018-08-20 04:46:00",48.66573,48.6663,7.57809523809524
"Marginal",105.000000002207,"2019-04-12 18:46:00","2019-04-12 20:31:00",49.31173,49.31193,7.57125
"Marginal",119.999999998254,"2019-04-13 20:01:00","2019-04-13 22:01:00",49.31461,49.31484,7.59666666666667
"Marginal",90.0000000024249,"2020-01-31 06:31:00","2020-01-31 08:01:00",50.11581,50.11598,7.54
"Marginal",75.0000000026432,"2020-07-15 15:01:00","2020-07-15 16:16:00",50.57158,50.57172,7.62166666666667
"Marginal",149.999999997817,"2020-07-17 03:31:00","2020-07-17 06:01:00",50.57574,50.57603,7.57181818181818
"Marginal",299.999999999369,"2020-12-22 05:46:00","2020-12-22 10:46:00",51.00888,51.00945,7.49761904761905
"Marginal",225.00000000046,"2020-12-22 19:31:00","2020-12-22 23:16:00",51.01045,51.01088,7.52875
"Marginal",330.000000002667,"2020-12-23 05:31:00","2020-12-23 11:01:00",51.01159,51.01222,7.34913043478261
"Marginal",180.000000001115,"2020-12-23 21:16:00","2020-12-24 00:16:00",51.01339,51.01373,7.55692307692308
"Marginal",135.00000000177,"2021-01-14 03:46:00","2021-01-14 06:01:00",51.07166,51.07192,7.517
"Marginal",149.999999994083,"2021-09-16 23:30:00","2021-09-17 02:00:00",51.74515,51.74543,7.59454545454545
"Marginal",329.999999998932,"2021-09-17 03:30:00","2021-09-17 09:00:00",51.74561,51.74623,7.55695652173913
"Marginal",255.000000000024,"2021-09-17 14:30:00","2021-09-17 18:45:00",51.74686,51.74735,7.56222222222222
"Marginal",269.999999999806,"2021-09-18 09:00:00","2021-09-18 13:30:00",51.74897,51.74949,7.57526315789474
"Marginal",254.999999996289,"2021-11-13 08:15:00","2021-11-13 12:30:00",51.90231,51.9028,7.49666666666667
"Marginal",255.000000003758,"2021-11-14 08:45:00","2021-11-14 13:00:00",51.90511,51.90559,7.43888888888889
"Marginal",119.999999998254,"2021-11-15 11:15:00","2021-11-15 13:15:00",51.90813,51.90836,7.57444444444444
"Marginal",299.999999999369,"2021-12-22 01:30:00","2021-12-22 06:30:00",52.00839,52.00896,7.40761904761905
"Marginal",210.000000000679,"2021-12-23 02:45:00","2021-12-23 06:15:00",52.01127,52.01167,7.54266666666667
"Marginal",165.000000001334,"2021-12-24 04:00:00","2021-12-24 06:45:00",52.01416,52.01447,7.55666666666667
"Marginal",104.999999998472,"2021-12-25 05:45:00","2021-12-25 07:30:00",52.01709,52.01729,7.575
"Marginal",134.999999998035,"2022-01-08 05:30:00","2022-01-08 07:45:00",52.05542,52.05568,7.575
"Marginal",134.999999998035,"2022-01-09 05:45:00","2022-01-09 08:00:00",52.05819,52.05845,7.48
"Marginal",120.000000001988,"2022-03-04 02:45:00","2022-03-04 04:45:00",52.20579,52.20602,7.56666666666667
"Marginal",74.9999999989086,"2022-05-22 11:15:00","2022-05-22 12:30:00",52.4232,52.42334,7.59
"Marginal",104.999999994737,"2022-05-22 22:00:00","2022-05-22 23:45:00",52.42443,52.42463,7.56625
"Marginal",330.000000002667,"2022-06-22 11:45:00","2022-06-22 17:15:00",52.50819,52.50882,7.54391304347826
"Marginal",389.999999998059,"2022-06-22 22:30:00","2022-06-23 05:00:00",52.50942,52.51016,7.51962962962963
"Marginal",329.999999998932,"2022-06-23 12:45:00","2022-06-23 18:15:00",52.51104,52.51167,7.53
"Marginal",420.000000001357,"2022-06-23 23:00:00","2022-06-24 06:00:00",52.51221,52.51301,7.52793103448276
"Marginal",405.000000001576,"2022-06-24 13:30:00","2022-06-24 20:15:00",52.51387,52.51464,7.48214285714286
"Marginal",420.000000001357,"2022-06-24 23:45:00","2022-06-25 06:45:00",52.51504,52.51584,7.52068965517241
"Marginal",435.000000001139,"2022-06-25 14:00:00","2022-06-25 21:15:00",52.51667,52.51749,7.48866666666667
"Marginal",420.000000001357,"2022-06-26 00:30:00","2022-06-26 07:30:00",52.51787,52.51866,7.515
"Marginal",450.000000000921,"2022-06-26 14:45:00","2022-06-26 22:15:00",52.51949,52.52035,7.51129032258065
"Marginal",360.000000002231,"2022-06-27 01:30:00","2022-06-27 07:30:00",52.52072,52.5214,7.5516
"Marginal",74.9999999989086,"2022-07-12 17:30:00","2022-07-12 18:45:00",52.56364,52.56378,7.595
"Marginal",374.999999998278,"2022-07-13 03:15:00","2022-07-13 09:30:00",52.56475,52.56547,7.524
"Marginal",240.000000003977,"2022-07-13 16:15:00","2022-07-13 20:15:00",52.56624,52.5667,7.56
"Marginal",269.999999999806,"2022-07-14 05:00:00","2022-07-14 09:30:00",52.56769,52.56821,7.58555555555556
"Marginal",74.9999999989086,"2022-07-18 22:30:00","2022-07-18 23:45:00",52.58065,52.58079,7.56666666666667
"Marginal",360.000000002231,"2022-07-19 08:45:00","2022-07-19 14:45:00",52.58182,52.58251,7.506
"Marginal",240.000000000242,"2022-07-19 20:45:00","2022-07-20 00:45:00",52.58319,52.58365,7.56411764705882
"Marginal",329.999999995198,"2022-07-20 10:00:00","2022-07-20 15:30:00",52.5847,52.58533,7.54173913043478
"Marginal",240.000000003977,"2022-07-21 11:15:00","2022-07-21 15:15:00",52.58759,52.58804,7.57294117647059
"Marginal",225.00000000046,"2022-07-23 13:30:00","2022-07-23 17:15:00",52.59332,52.59375,7.57625
"Marginal",344.99999999498,"2022-07-24","2022-07-24 05:45:00",52.59452,52.59518,7.57333333333333
"Marginal",990.000000000532,"2022-07-24 14:15:00","2022-07-25 06:45:00",52.59615,52.59803,7.53194029850746
"Marginal",449.999999997186,"2022-07-25 15:00:00","2022-07-25 22:30:00",52.59897,52.59983,7.52096774193548
"Marginal",359.999999998496,"2022-07-26 01:15:00","2022-07-26 07:15:00",52.60014,52.60083,7.5476
"Marginal",465.000000000703,"2022-07-26 15:30:00","2022-07-26 23:15:00",52.60177,52.60265,7.5321875
"Marginal",90.0000000024249,"2022-07-27 02:00:00","2022-07-27 03:30:00",52.60297,52.60314,7.59571428571429
"Marginal",119.999999998254,"2022-08-28 18:15:00","2022-08-28 20:15:00",52.69249,52.69272,7.58555555555556
"Marginal",480.000000000484,"2022-08-29 05:30:00","2022-08-29 13:30:00",52.69378,52.69469,7.5346875
"Marginal",344.999999998714,"2022-08-29 16:30:00","2022-08-29 22:15:00",52.69503,52.69569,7.54
"Marginal",525.000000003564,"2022-08-30 05:45:00","2022-08-30 14:30:00",52.69655,52.69755,7.50277777777778
"Marginal",374.999999994543,"2022-08-30 16:45:00","2022-08-30 23:00:00",52.6978,52.69852,7.56653846153846
"Marginal",225.00000000046,"2022-08-31 11:30:00","2022-08-31 15:15:00",52.69994,52.70037,7.569375
"Marginal",254.999999996289,"2022-09-07 15:00:00","2022-09-07 19:15:00",52.71952,52.72001,7.555
"Marginal",269.999999999806,"2022-09-08 03:15:00","2022-09-08 07:45:00",52.72092,52.72143,7.57421052631579
"Marginal",284.999999995853,"2022-09-08 15:15:00","2022-09-08 20:00:00",52.72229,52.72283,7.548
"Marginal",465.000000004437,"2022-09-09 02:45:00","2022-09-09 10:30:00",52.7236,52.72449,7.5234375
"Marginal",299.999999999369,"2022-09-09 15:15:00","2022-09-09 20:15:00",52.72503,52.7256,7.4752380952381
"Marginal",554.999999999393,"2022-09-10 03:00:00","2022-09-10 12:15:00",52.72637,52.72743,7.47
"Marginal",539.999999999611,"2022-09-10 14:00:00","2022-09-10 23:00:00",52.72763,52.72865,7.49540540540541
"Marginal",1140.00000000208,"2022-09-11 02:45:00","2022-09-11 21:45:00",52.72908,52.73125,7.52038961038961
"Marginal",1094.99999999527,"2022-09-12 04:00:00","2022-09-12 22:15:00",52.73196,52.73405,7.53986486486486
"Marginal",614.99999999852,"2022-09-13 07:45:00","2022-09-13 18:00:00",52.73513,52.7363,7.555
"Marginal",239.999999996508,"2022-09-14 12:15:00","2022-09-14 16:15:00",52.73838,52.73884,7.58117647058824
"Marginal",104.999999998472,"2022-10-28 03:15:00","2022-10-28 05:00:00",52.85791,52.85811,7.58125
"Marginal",209.999999996944,"2022-10-29 03:00:00","2022-10-29 06:30:00",52.86062,52.86102,7.54066666666667
"Marginal",225.00000000046,"2022-10-30 04:00:00","2022-10-30 07:45:00",52.86347,52.8639,7.540625
"Marginal",105.000000002207,"2022-10-30 15:00:00","2022-10-30 16:45:00",52.86473,52.86493,7.575
"Marginal",225.00000000046,"2022-10-31 04:45:00","2022-10-31 08:30:00",52.8663,52.86672,7.540625
"Marginal",345.000000002449,"2022-11-01 04:15:00","2022-11-01 10:00:00",52.86898,52.86963,7.53291666666667
"Marginal",449.999999997186,"2022-11-02 04:00:00","2022-11-02 11:30:00",52.87169,52.87255,7.52677419354839
"Marginal",269.999999999806,"2022-11-03 07:30:00","2022-11-03 12:00:00",52.87483,52.87534,7.52157894736842
"Marginal",195.000000000897,"2022-11-04 09:30:00","2022-11-04 12:45:00",52.8778,52.87817,7.54642857142857
"Marginal",74.9999999989086,"2022-11-04 23:30:00","2022-11-05 00:45:00",52.87939,52.87954,7.59
"Marginal",240.000000000242,"2022-11-05 09:30:00","2022-11-05 13:30:00",52.88054,52.88099,7.54823529411765
"Marginal",179.999999997381,"2022-11-05 23:15:00","2022-11-06 02:15:00",52.88211,52.88245,7.54
"Marginal",284.999999995853,"2022-11-06 10:00:00","2022-11-06 14:45:00",52.88333,52.88388,7.5605
"Marginal",240.000000000242,"2022-11-06 23:45:00","2022-11-07 03:45:00",52.8849,52.88536,7.50941176470588
"Marginal",180.000000001115,"2022-11-07 12:00:00","2022-11-07 15:00:00",52.8863,52.88664,7.53538461538462
"Marginal",194.999999993428,"2022-11-08 01:00:00","2022-11-08 04:15:00",52.88779,52.88816,7.49285714285714
"Marginal",180.000000001115,"2022-11-08 12:30:00","2022-11-08 15:30:00",52.8891,52.88944,7.54461538461538
"Marginal",210.000000000679,"2022-11-09 01:45:00","2022-11-09 05:15:00",52.89061,52.89101,7.49866666666667
"Marginal",209.999999996944,"2022-11-09 12:45:00","2022-11-09 16:15:00",52.89187,52.89227,7.56
"Marginal",225.00000000046,"2022-11-10 02:00:00","2022-11-10 05:45:00",52.89338,52.89381,7.49125
"Marginal",210.000000004413,"2022-11-10 13:15:00","2022-11-10 16:45:00",52.89466,52.89506,7.57933333333333
"Marginal",240.000000000242,"2022-11-11 02:45:00","2022-11-11 06:45:00",52.8962,52.89666,7.524375
"Marginal",344.999999998714,"2022-11-12 01:45:00","2022-11-12 07:30:00",52.89883,52.89949,7.535
"Marginal",300.000000003104,"2022-11-13 03:30:00","2022-11-13 08:30:00",52.90177,52.90234,7.52428571428571
"Marginal",119.999999998254,"2022-11-13 16:30:00","2022-11-13 18:30:00",52.90325,52.90348,7.59666666666667
"Marginal",374.999999994543,"2022-11-14 03:15:00","2022-11-14 09:30:00",52.90448,52.90519,7.52423076923077
"Marginal",330.000000002667,"2022-11-15 04:30:00","2022-11-15 10:00:00",52.90736,52.90799,7.51782608695652
"Marginal",105.000000002207,"2022-11-15 20:00:00","2022-11-15 21:45:00",52.90913,52.90933,7.58625
"Marginal",449.999999997186,"2022-11-16 03:45:00","2022-11-16 11:15:00",52.91002,52.91087,7.51451612903226
"Marginal",390.000000005529,"2022-11-17 05:00:00","2022-11-17 11:30:00",52.9129,52.91364,7.53962962962963
"Marginal",375.000000002012,"2022-11-18 06:30:00","2022-11-18 12:45:00",52.91581,52.91652,7.53269230769231
"Marginal",344.999999998714,"2022-11-19 06:45:00","2022-11-19 12:30:00",52.91858,52.91924,7.53333333333333
"Marginal",269.999999999806,"2022-11-20 08:45:00","2022-11-20 13:15:00",52.92155,52.92206,7.54473684210526
"Marginal",134.999999998035,"2022-11-21 11:15:00","2022-11-21 13:30:00",52.92457,52.92483,7.568
"Marginal",89.9999999986903,"2022-11-23 01:45:00","2022-11-23 03:15:00",52.92897,52.92914,7.58571428571429
"Marginal",150.000000001552,"2022-11-24 01:30:00","2022-11-24 04:00:00",52.93168,52.93196,7.55636363636364
"Marginal",135.00000000177,"2022-11-25 02:30:00","2022-11-25 04:45:00",52.93453,52.93479,7.563
"Marginal",209.999999996944,"2022-11-26 02:30:00","2022-11-26 06:00:00",52.93727,52.93767,7.53733333333333
"Marginal",180.000000001115,"2022-11-27 03:30:00","2022-11-27 06:30:00",52.94013,52.94047,7.54692307692308
"Marginal",180.000000001115,"2022-11-28 04:30:00","2022-11-28 07:30:00",52.94298,52.94332,7.56769230769231
"Marginal",210.000000004413,"2022-11-29 05:00:00","2022-11-29 08:30:00",52.94578,52.94618,7.55
"Marginal",269.999999999806,"2022-12-29 04:45:00","2022-12-29 09:15:00",53.02794,53.02845,7.46789473684211
"Marginal",119.999999998254,"2022-12-30 07:30:00","2022-12-30 09:30:00",53.03099,53.03122,7.53444444444444
"Marginal",75.0000000026432,"2022-12-31 08:45:00","2022-12-31 10:00:00",53.03388,53.03402,7.555
"Marginal",210.000000000679,"2023-01-01 22:15:00","2023-01-02 01:45:00",53.03816,53.03856,7.53866666666667
"Marginal",105.000000002207,"2023-06-27 13:30:00","2023-06-27 15:15:00",53.52209,53.52229,7.59375
"Marginal",60.0000000028615,"2023-07-06 10:30:00","2023-07-06 11:30:00",53.5464,53.54652,7.588
"Marginal",105.000000002207,"2023-07-19 09:30:00","2023-07-19 11:15:00",53.58191,53.58211,7.5825
"Marginal",344.999999998714,"2023-07-20 08:15:00","2023-07-20 14:00:00",53.5845,53.58516,7.56625
"Marginal",269.999999999806,"2023-07-21 09:45:00","2023-07-21 14:15:00",53.58741,53.58793,7.5721052631579
"Marginal",74.9999999989086,"2023-08-14 07:45:00","2023-08-14 09:00:00",53.65294,53.65308,7.59166666666667
"Marginal",225.00000000046,"2023-08-15 08:15:00","2023-08-15 12:00:00",53.65574,53.65616,7.556875
"Marginal",194.999999997162,"2023-08-20 10:45:00","2023-08-20 14:00:00",53.66972,53.67009,7.56
"Marginal",89.9999999986903,"2023-08-21 12:45:00","2023-08-21 14:15:00",53.67269,53.67286,7.58428571428571
"Marginal",359.999999998496,"2023-08-22 09:15:00","2023-08-22 15:15:00",53.67503,53.67571,7.5532
"Marginal",299.999999999369,"2023-08-23 10:30:00","2023-08-23 15:30:00",53.67791,53.67848,7.56619047619048
"Marginal",254.999999996289,"2023-08-24 11:30:00","2023-08-24 15:45:00",53.68076,53.68125,7.58055555555556
"Marginal",314.999999999151,"2023-08-25 12:00:00","2023-08-25 17:15:00",53.68356,53.68416,7.56363636363636
"Marginal",104.999999994737,"2023-09-17 13:00:00","2023-09-17 14:45:00",53.74669,53.74689,7.5575
"Marginal",59.9999999991269,"2023-09-18 14:00:00","2023-09-18 15:00:00",53.74954,53.74966,7.562
"Marginal",164.999999997599,"2023-12-05 07:00:00","2023-12-05 09:45:00",53.96244,53.96276,7.49333333333333
"Marginal",150.000000001552,"2023-12-06 08:15:00","2023-12-06 10:45:00",53.96533,53.96561,7.58
"Marginal",255.000000000024,"2023-12-06 20:30:00","2023-12-07 00:45:00",53.96672,53.96721,7.47222222222222
"Marginal",419.999999997623,"2023-12-07 05:30:00","2023-12-07 12:30:00",53.96775,53.96855,7.2151724137931
"Marginal",404.999999997841,"2023-12-07 19:00:00","2023-12-08 01:45:00",53.96929,53.97006,7.16964285714286
"Marginal",299.999999999369,"2023-12-08 07:30:00","2023-12-08 12:30:00",53.97072,53.97129,7.2152380952381
"Marginal",345.000000002449,"2023-12-08 20:45:00","2023-12-09 02:30:00",53.97223,53.97289,7.3125
"Marginal",89.9999999986903,"2023-12-09 10:00:00","2023-12-09 11:30:00",53.97374,53.97392,7.51285714285714
"Marginal",180.000000001115,"2023-12-09 23:30:00","2023-12-10 02:30:00",53.97529,53.97563,7.47923076923077
"Marginal",149.999999994083,"2023-12-12 01:45:00","2023-12-12 04:15:00",53.98102,53.98131,7.57272727272727
"Marginal",74.9999999989086,"2024-01-12 03:15:00","2024-01-12 04:30:00",54.06612,54.06627,7.585
"Marginal",134.999999998035,"2024-01-28 04:00:00","2024-01-28 06:15:00",54.11005,54.1103,7.551
"Marginal",300.000000003104,"2024-01-29 02:00:00","2024-01-29 07:00:00",54.11256,54.11313,7.38809523809524
"Marginal",60.0000000028615,"2024-01-29 17:15:00","2024-01-29 18:15:00",54.1143,54.11441,7.534
"Marginal",269.999999999806,"2024-01-30 02:30:00","2024-01-30 07:00:00",54.11535,54.11587,7.37842105263158
"Marginal",164.999999997599,"2024-01-31 04:00:00","2024-01-31 06:45:00",54.11826,54.11858,7.485
"Marginal",224.999999996726,"2024-03-03 18:15:00","2024-03-03 22:00:00",54.20756,54.20799,7.520625
"Marginal",239.999999996508,"2024-03-04 19:00:00","2024-03-04 23:00:00",54.21039,54.21084,7.52647058823529
"Marginal",60.0000000028615,"2024-03-16 20:00:00","2024-03-16 21:00:00",54.24338,54.24349,7.574
"Marginal",149.999999997817,"2024-03-17 17:30:00","2024-03-17 20:00:00",54.24583,54.24612,7.49363636363636
"Marginal",180.000000001115,"2024-03-18 19:00:00","2024-03-18 22:00:00",54.24874,54.24909,7.48538461538462
"Marginal",134.999999998035,"2024-03-19 21:45:00","2024-03-20",54.2518,54.25205,7.57
"Marginal",89.9999999986903,"2024-04-18 14:00:00","2024-04-18 15:30:00",54.33311,54.33328,7.60142857142857
"Marginal",74.999999995174,"2024-04-19 15:15:00","2024-04-19 16:30:00",54.33599,54.33613,7.59333333333333
"Marginal",74.9999999989086,"2024-05-16 13:30:00","2024-05-16 14:45:00",54.40976,54.4099,7.58666666666667
"Marginal",360.000000002231,"2024-05-17 00:15:00","2024-05-17 06:15:00",54.41099,54.41167,7.5868
"Marginal",60.0000000028615,"2024-05-17 13:30:00","2024-05-17 14:30:00",54.4125,54.41261,7.592
"Marginal",194.999999997162,"2024-06-01 12:15:00","2024-06-01 15:30:00",54.45345,54.45382,7.56714285714286
"Marginal",210.000000000679,"2024-06-10 20:00:00","2024-06-10 23:30:00",54.479,54.47939,7.564
"Marginal",405.000000001576,"2024-06-11 06:45:00","2024-06-11 13:30:00",54.48022,54.48099,7.565
"Marginal",239.999999996508,"2024-06-11 19:45:00","2024-06-11 23:45:00",54.48171,54.48216,7.58294117647059
"Marginal",330.000000002667,"2024-06-12 08:00:00","2024-06-12 13:30:00",54.48311,54.48373,7.5595652173913
"Marginal",60.0000000028615,"2024-06-13 09:30:00","2024-06-13 10:30:00",54.48602,54.48613,7.59
"Marginal",60.0000000028615,"2024-06-13 12:00:00","2024-06-13 13:00:00",54.4863,54.48642,7.592
"Marginal",405.000000001576,"2024-06-13 21:45:00","2024-06-14 04:30:00",54.48741,54.48818,7.56857142857143
"Marginal",225.00000000046,"2024-06-14 11:15:00","2024-06-14 15:00:00",54.48896,54.48938,7.55266666666667
"Marginal",465.000000004437,"2024-06-14 22:15:00","2024-06-15 06:00:00",54.49021,54.4911,7.5234375
"Marginal",299.999999995634,"2024-06-15 11:30:00","2024-06-15 16:30:00",54.49172,54.49229,7.53380952380952
"Marginal",239.999999996508,"2024-06-15 22:45:00","2024-06-16 02:45:00",54.49301,54.49346,7.58352941176471
"Marginal",119.999999998254,"2024-06-17 13:45:00","2024-06-17 15:45:00",54.49746,54.49769,7.58666666666667
"Marginal",150.000000001552,"2024-06-19 03:45:00","2024-06-19 06:15:00",54.5018,54.50208,7.57818181818182
"Marginal",239.999999996508,"2024-06-19 15:15:00","2024-06-19 19:15:00",54.50311,54.50357,7.53941176470588
"Marginal",359.999999998496,"2024-06-20 01:30:00","2024-06-20 07:30:00",54.50428,54.50497,7.5304
"Marginal",255.000000000024,"2024-06-20 15:45:00","2024-06-20 20:00:00",54.50591,54.50639,7.54833333333333
"Marginal",375.000000002012,"2024-06-21 02:00:00","2024-06-21 08:15:00",54.50708,54.50779,7.52269230769231
"Marginal",225.00000000046,"2024-06-21 16:15:00","2024-06-21 20:00:00",54.5087,54.50913,7.56625
"Marginal",284.999999995853,"2024-06-22 04:00:00","2024-06-22 08:45:00",54.51005,54.51059,7.557
"Marginal",180.000000001115,"2024-06-22 17:00:00","2024-06-22 20:00:00",54.51153,54.51187,7.57076923076923
"Marginal",404.999999997841,"2024-06-26 07:30:00","2024-06-26 14:15:00",54.5214,54.52217,7.5675
"Marginal",240.000000003977,"2024-07-04 03:30:00","2024-07-04 07:30:00",54.54287,54.54332,7.57882352941176
"Marginal",60.0000000028615,"2024-07-05 17:00:00","2024-07-05 18:00:00",54.54715,54.54726,7.586
"Marginal",135.00000000177,"2024-07-06 10:15:00","2024-07-06 12:30:00",54.54912,54.54937,7.591
"Marginal",59.9999999991269,"2024-07-06 17:00:00","2024-07-06 18:00:00",54.54989,54.55,7.59
"Marginal",390.000000001794,"2024-07-07 05:45:00","2024-07-07 12:15:00",54.55134,54.55208,7.57777777777778
"Marginal",149.999999997817,"2024-07-07 16:45:00","2024-07-07 19:15:00",54.5526,54.55288,7.58454545454545
"Marginal",465.000000004437,"2024-07-08 05:45:00","2024-07-08 13:30:00",54.55408,54.55497,7.566875
"Marginal",165.000000001334,"2024-07-08 17:15:00","2024-07-08 20:00:00",54.55539,54.55571,7.58333333333333
"Marginal",435.000000004874,"2024-07-09 06:30:00","2024-07-09 13:45:00",54.55691,54.55773,7.558
"Marginal",105.000000002207,"2024-07-09 18:45:00","2024-07-09 20:30:00",54.5583,54.5585,7.58375
"Marginal",300.000000003104,"2024-07-10 07:15:00","2024-07-10 12:15:00",54.55973,54.5603,7.56761904761905
"Marginal",240.000000000242,"2024-08-05 07:15:00","2024-08-05 11:15:00",54.63096,54.63142,7.57882352941176
"Marginal",254.999999996289,"2024-08-06 09:15:00","2024-08-06 13:30:00",54.63393,54.63442,7.57722222222222
"Marginal",240.000000000242,"2024-08-07 09:45:00","2024-08-07 13:45:00",54.63673,54.63719,7.57352941176471
"Marginal",450.000000000921,"2024-08-08 08:15:00","2024-08-08 15:45:00",54.6393,54.64015,7.51903225806452
"Marginal",344.999999998714,"2024-08-08 19:45:00","2024-08-09 01:30:00",54.64061,54.64127,7.5575
"Marginal",509.999999996313,"2024-08-09 08:30:00","2024-08-09 17:00:00",54.64207,54.64304,7.44914285714286
"Marginal",389.999999998059,"2024-08-09 19:00:00","2024-08-10 01:30:00",54.64326,54.64401,7.5437037037037
"Marginal",884.999999994591,"2024-08-10 08:15:00","2024-08-10 23:00:00",54.64478,54.64646,7.509
"Marginal",359.999999998496,"2024-08-11 10:30:00","2024-08-11 16:30:00",54.64777,54.64846,7.494
"Marginal",119.999999998254,"2024-08-11 20:30:00","2024-08-11 22:30:00",54.64892,54.64914,7.57444444444444
"Marginal",329.999999998932,"2024-08-12 12:00:00","2024-08-12 17:30:00",54.65068,54.65131,7.5395652173913
"Marginal",225.00000000046,"2024-08-12 21:30:00","2024-08-13 01:15:00",54.65177,54.6522,7.571875
"Marginal",194.999999997162,"2024-08-13 13:00:00","2024-08-13 16:15:00",54.65354,54.65391,7.56714285714286
"Marginal",74.9999999989086,"2024-09-20 13:00:00","2024-09-20 14:15:00",54.75765,54.75779,7.58166666666667
"Marginal",225.00000000046,"2024-09-21 12:00:00","2024-09-21 15:45:00",54.76027,54.7607,7.54
"Marginal",255.000000003758,"2024-09-22 11:45:00","2024-09-22 16:00:00",54.76299,54.76347,7.54944444444444
"Marginal",329.999999995198,"2024-09-23 12:15:00","2024-09-23 17:45:00",54.76578,54.76641,7.5595
"Marginal",134.999999998035,"2024-09-24 14:00:00","2024-09-24 16:15:00",54.76872,54.76898,7.584
"Marginal",89.9999999986903,"2024-09-26 08:45:00","2024-09-26 10:15:00",54.7736,54.77377,7.59
"Marginal",299.999999999369,"2024-10-04 09:45:00","2024-10-04 14:45:00",54.79563,54.7962,7.54666666666667
"Marginal",119.999999998254,"2024-10-04 18:15:00","2024-10-04 20:15:00",54.7966,54.79683,7.59222222222222
"Marginal",375.000000002012,"2024-10-05 09:45:00","2024-10-05 16:00:00",54.79837,54.79909,7.545
"Marginal",329.999999998932,"2024-10-06 10:45:00","2024-10-06 16:15:00",54.80123,54.80186,7.54826086956522
"Marginal",120.000000001988,"2024-10-07 13:15:00","2024-10-07 15:15:00",54.80425,54.80448,7.58444444444444
"Marginal",75.0000000026432,"2024-11-04 04:15:00","2024-11-04 05:30:00",54.87994,54.88008,7.59
"Marginal",89.9999999986903,"2024-11-16 02:30:00","2024-11-16 04:00:00",54.91261,54.91279,7.56428571428571
"Marginal",164.999999997599,"2024-11-21 06:00:00","2024-11-21 08:45:00",54.92671,54.92703,7.5525
"Marginal",359.999999998496,"2024-11-22 03:45:00","2024-11-22 09:45:00",54.9292,54.92988,7.4788
"Marginal",105.000000002207,"2024-11-23 08:00:00","2024-11-23 09:45:00",54.93242,54.93262,7.5725
"Marginal",119.999999998254,"2024-11-24 08:30:00","2024-11-24 10:30:00",54.93522,54.93545,7.54777777777778
"Marginal",165.000000001334,"2024-11-25 08:30:00","2024-11-25 11:15:00",54.93796,54.93827,7.57083333333333
"Marginal",135.00000000177,"2024-11-26 23:15:00","2024-11-27 01:30:00",54.94238,54.94264,7.578
"Marginal",89.9999999986903,"2024-11-28 01:15:00","2024-11-28 02:45:00",54.94535,54.94552,7.57714285714286
"Marginal",195.000000000897,"2024-12-29 00:45:00","2024-12-29 04:00:00",55.03022,55.03059,7.54
"Marginal",180.000000001115,"2024-12-30 01:45:00","2024-12-30 04:45:00",55.03308,55.03342,7.52846153846154
"Marginal",164.999999997599,"2024-12-31 02:30:00","2024-12-31 05:15:00",55.0359,55.03622,7.55333333333333
"Marginal",164.999999997599,"2025-01-06 06:15:00","2025-01-06 09:00:00",55.05277,55.05308,7.55
"Marginal",210.000000004413,"2025-01-07 05:45:00","2025-01-07 09:15:00",55.05545,55.05585,7.44933333333333
"Marginal",74.9999999989086,"2025-01-08 23:15:00","2025-01-09 00:30:00",55.06019,55.06033,7.595
"Marginal",74.9999999989086,"2025-02-26 02:30:00","2025-02-26 03:45:00",55.19207,55.19221,7.56
"Marginal",329.999999995198,"2025-03-22 16:45:00","2025-03-22 22:15:00",55.25945,55.26007,7.56521739130435
"Marginal",434.999999997405,"2025-03-23 16:30:00","2025-03-23 23:45:00",55.26216,55.26299,7.36733333333333
"Marginal",375.000000002012,"2025-03-24 18:00:00","2025-03-25 00:15:00",55.26507,55.26578,7.46269230769231
